{"type": "FeatureCollection", "features": [{"type": "Feature", "properties": {"shapeID": "37247803B47496652532681", "shapeName": "10 Ramadan 1"}, "geometry": {"type": "Polygon", "coordinates": [[[31.72752, 30.25126], [31.75817, 30.2158], [31.7266, 30.19339], [31.70323, 30.21166], [31.72752, 30.25126]]]}}, {"type": "Feature", "properties": {"shapeID": "37247803B93568001164514", "shapeName": "10 Ramadan 2"}, "geometry": {"type": "Polygon", "coordinates": [[[31.7158, 30.22598], [31.68745, 30.20045], [31.68766, 30.22761], [31.66953, 30.25037], [31.70895, 30.27273], [31.72752, 30.25126], [31.7158, 30.22598]]]}}, {"type": "Feature", "properties": {"shapeID": "37247803B58448533869188", "shapeName": "15 Mayu"}, "geometry": {"type": "Polygon", "coordinates": [[[31.34823, 29.79176], [31.36299, 29.86174], [31.33122, 29.88041], [31.29787, 29.91596], [31.37534, 29.9178], [31.37581, 29.8883], [31.41201, 29.88874], [31.41344, 29.79852], [31.37724, 29.79808], [31.37739, 29.78892], [31.34823, 29.79176]]]}}, {"type": "Feature", "properties": {"shapeID": "37247803B48784531357995", "shapeName": "6 October-1"}, "geometry": {"type": "Polygon", "coordinates": [[[31.0064, 29.97759], [31.0156, 29.97762], [31.01326, 29.9713], [30.99091, 29.97557], [30.954, 29.95111], [30.92025, 29.98796], [30.97227, 30.02105], [31.0064, 29.97759]]]}}, {"type": "Feature", "properties": {"shapeID": "37247803B57962000824705", "shapeName": "6 October-2"}, "geometry": {"type": "Polygon", "coordinates": [[[30.954, 29.95111], [30.93616, 29.91398], [30.88986, 29.8934], [30.8568, 29.93391], [30.89651, 29.95878], [30.89063, 29.96902], [30.92025, 29.98796], [30.954, 29.95111]]]}}, {"type": "Feature", "properties": {"shapeID": "37247803B63195966732086", "shapeName": "A-Dakhla Oasis"}, "geometry": {"type": "Polygon", "coordinates": [[[30.8645, 26.79119], [29.94814, 25.70038], [29.56566, 25.18107], [29.39937, 24.75922], [29.46083, 22.00058], [25.00063, 22.00046], [25.0013, 26.6627], [27.50845, 26.77075], [27.6862, 26.7436], [27.89463, 26.59281], [28.09044, 26.42991], [28.22951, 26.41198], [28.34162, 26.43833], [28.45067, 26.54377], [28.51147, 26.91942], [28.53467, 27.67273], [30.53004, 27.60143], [30.8645, 26.79119]]]}}, {"type": "Feature", "properties": {"shapeID": "37247803B27556754464057", "shapeName": "A L Labban"}, "geometry": {"type": "Polygon", "coordinates": [[[29.8892, 31.18534], [29.88336, 31.1885], [29.89521, 31.1963], [29.89994, 31.18956], [29.8892, 31.18534]]]}}, {"type": "Feature", "properties": {"shapeID": "37247803B10880133914548", "shapeName": "Abdin"}, "geometry": {"type": "Polygon", "coordinates": [[[31.25051, 30.03929], [31.23623, 30.04062], [31.24281, 30.05299], [31.24768, 30.05278], [31.25051, 30.03929]]]}}, {"type": "Feature", "properties": {"shapeID": "37247803B63981628133809", "shapeName": "Abnub"}, "geometry": {"type": "Polygon", "coordinates": [[[31.20386, 27.27638], [31.20877, 27.26505], [31.19504, 27.26613], [31.19191, 27.24488], [31.17322, 27.24667], [31.18059, 27.24036], [31.17258, 27.22795], [31.16094, 27.23124], [31.15532, 27.24223], [31.14332, 27.23579], [31.12758, 27.23759], [31.13043, 27.25663], [31.12063, 27.26694], [31.10046, 27.27664], [31.04531, 27.27401], [31.03077, 27.28089], [31.0162, 27.29407], [31.01981, 27.30231], [31.00847, 27.32617], [30.96813, 27.33905], [30.96085, 27.35107], [30.98179, 27.36302], [31.02535, 27.33835], [31.04631, 27.31601], [31.11049, 27.32644], [31.16274, 27.30671], [31.17688, 27.31248], [31.20966, 27.27635], [31.20386, 27.27638]]]}}, {"type": "Feature", "properties": {"shapeID": "37247803B53826434992934", "shapeName": "Abour"}, "geometry": {"type": "Polygon", "coordinates": [[[31.45213, 30.19156], [31.4327, 30.20759], [31.43209, 30.2502], [31.46211, 30.25056], [31.4632, 30.19203], [31.45213, 30.19156]]]}}, {"type": "Feature", "properties": {"shapeID": "37247803B9213477235230", "shapeName": "Abshaway"}, "geometry": {"type": "Polygon", "coordinates": [[[30.73588, 29.45749], [30.74533, 29.43297], [30.72783, 29.42166], [30.73685, 29.38151], [30.75046, 29.37112], [30.76653, 29.37205], [30.77799, 29.36251], [30.78909, 29.36215], [30.79528, 29.35245], [30.78433, 29.34915], [30.74837, 29.36089], [30.74179, 29.3309], [30.72014, 29.32498], [30.72124, 29.3172], [30.73678, 29.32432], [30.73778, 29.31638], [30.70548, 29.30915], [30.68288, 29.29424], [30.69765, 29.2747], [30.68264, 29.26782], [30.66461, 29.28746], [30.66701, 29.3018], [30.65469, 29.30625], [30.65806, 29.31696], [30.64556, 29.32917], [30.65298, 29.35419], [30.63192, 29.37193], [30.6466, 29.38707], [30.64321, 29.39891], [30.65023, 29.40165], [30.65745, 29.41864], [30.65346, 29.42564], [30.66564, 29.44415], [30.68395, 29.44194], [30.69961, 29.4532], [30.68352, 29.46535], [30.69153, 29.46973], [30.71863, 29.46594], [30.72096, 29.47382], [30.70824, 29.48102], [30.74028, 29.47301], [30.73588, 29.45749]]]}}, {"type": "Feature", "properties": {"shapeID": "37247803B42865985960585", "shapeName": "Abu-l-Matamir"}, "geometry": {"type": "Polygon", "coordinates": [[[30.18677, 31.00092], [30.21173, 30.97134], [30.23384, 30.96177], [30.24142, 30.94298], [30.23112, 30.92628], [30.23827, 30.89846], [30.25147, 30.87816], [30.2441, 30.87479], [30.24879, 30.86528], [30.23597, 30.82555], [30.24448, 30.82263], [30.2416, 30.80723], [30.31307, 30.79016], [30.35773, 30.78814], [30.32129, 30.73517], [30.41115, 30.71147], [30.35379, 30.59987], [30.29522, 30.56974], [30.22798, 30.50714], [30.07625, 30.6418], [29.9241, 30.75879], [29.95918, 30.78887], [29.9162, 30.82875], [29.85149, 30.93121], [29.91186, 30.95525], [29.90565, 30.96418], [29.91672, 30.98012], [29.90235, 31.00019], [29.93616, 31.057], [29.98884, 30.99665], [30.00866, 31.01082], [30.0407, 31.02071], [30.04798, 31.03329], [30.07388, 31.01699], [30.10525, 30.97909], [30.13081, 30.97637], [30.1653, 31.01572], [30.18677, 31.00092]]]}}, {"type": "Feature", "properties": {"shapeID": "37247803B30253280006981", "shapeName": "Abu Hammad"}, "geometry": {"type": "Polygon", "coordinates": [[[31.72707, 30.62505], [31.71821, 30.61119], [31.72712, 30.60983], [31.72109, 30.60177], [31.72452, 30.59584], [31.71492, 30.58825], [31.72232, 30.5728], [31.70118, 30.56895], [31.69772, 30.55615], [31.71171, 30.5426], [31.75266, 30.55797], [31.75653, 30.52587], [31.76563, 30.51817], [31.80899, 30.52383], [31.82059, 30.51283], [31.81673, 30.5055], [31.822, 30.49481], [31.8169, 30.487], [31.7985, 30.48218], [31.79889, 30.47432], [31.75854, 30.46153], [31.73444, 30.46764], [31.67231, 30.43383], [31.65002, 30.45672], [31.63463, 30.46579], [31.62383, 30.46328], [31.61732, 30.47518], [31.5921, 30.48342], [31.59959, 30.49731], [31.58726, 30.50575], [31.59879, 30.51995], [31.57685, 30.51999], [31.58291, 30.53001], [31.5767, 30.53248], [31.58999, 30.54547], [31.60345, 30.54365], [31.60325, 30.55691], [31.61244, 30.56648], [31.60865, 30.57133], [31.61906, 30.58117], [31.64098, 30.58149], [31.6351, 30.59577], [31.64947, 30.59732], [31.64834, 30.60412], [31.66699, 30.61801], [31.68397, 30.65273], [31.72707, 30.62505]]]}}, {"type": "Feature", "properties": {"shapeID": "37247803B15817250169024", "shapeName": "Abu Hummus"}, "geometry": {"type": "Polygon", "coordinates": [[[30.21173, 30.97134], [30.14053, 31.04183], [30.1672, 31.05094], [30.18341, 31.06579], [30.1781, 31.06917], [30.19596, 31.07337], [30.19372, 31.08114], [30.20628, 31.09603], [30.22776, 31.10257], [30.22444, 31.11339], [30.24021, 31.12505], [30.23472, 31.1298], [30.2311, 31.20177], [30.24008, 31.20997], [30.23871, 31.22017], [30.25863, 31.23483], [30.27462, 31.23128], [30.27464, 31.23948], [30.30333, 31.23179], [30.31137, 31.24129], [30.35382, 31.25006], [30.36951, 31.24221], [30.39747, 31.24502], [30.40843, 31.23099], [30.42417, 31.22357], [30.4608, 31.23248], [30.47923, 31.21928], [30.49481, 31.21964], [30.50788, 31.21084], [30.47866, 31.21202], [30.41705, 31.17566], [30.44106, 31.15448], [30.42558, 31.1309], [30.4319, 31.11782], [30.41683, 31.11243], [30.39888, 31.12577], [30.39374, 31.11974], [30.38539, 31.12386], [30.38489, 31.11753], [30.40102, 31.10578], [30.39129, 31.10607], [30.38961, 31.09333], [30.40731, 31.06534], [30.39346, 31.06094], [30.39625, 31.04992], [30.37791, 31.0467], [30.375, 31.03224], [30.34982, 31.02039], [30.35435, 31.00711], [30.31314, 31.00873], [30.27912, 30.98255], [30.25668, 30.98242], [30.25456, 30.9673], [30.23384, 30.96177], [30.21173, 30.97134]]]}}, {"type": "Feature", "properties": {"shapeID": "37247803B57835659409223", "shapeName": "Abu Kabir"}, "geometry": {"type": "Polygon", "coordinates": [[[31.68221, 30.6532], [31.67542, 30.66855], [31.65603, 30.66388], [31.63875, 30.67242], [31.64313, 30.68637], [31.63819, 30.70481], [31.59983, 30.69466], [31.60737, 30.72426], [31.62205, 30.73784], [31.61451, 30.74151], [31.61823, 30.75109], [31.61246, 30.75521], [31.61834, 30.7675], [31.63479, 30.76806], [31.64604, 30.75067], [31.66525, 30.76549], [31.66371, 30.77605], [31.67206, 30.7868], [31.68155, 30.78933], [31.68949, 30.78371], [31.69503, 30.78983], [31.72016, 30.7897], [31.72985, 30.81797], [31.74292, 30.81964], [31.75117, 30.80893], [31.76165, 30.81495], [31.76015, 30.82629], [31.76783, 30.82808], [31.77553, 30.79593], [31.7883, 30.78629], [31.78854, 30.77849], [31.77835, 30.76584], [31.76659, 30.76219], [31.75593, 30.76671], [31.74365, 30.76034], [31.74241, 30.74672], [31.75911, 30.7331], [31.74512, 30.71195], [31.75878, 30.70268], [31.74984, 30.6861], [31.75336, 30.6833], [31.74426, 30.67842], [31.75649, 30.66568], [31.71049, 30.63682], [31.68221, 30.6532]]]}}, {"type": "Feature", "properties": {"shapeID": "37247803B44606701734202", "shapeName": "Abu Radis"}, "geometry": {"type": "Polygon", "coordinates": [[[34.03583, 29.09523], [34.18873, 28.97934], [34.243, 28.95403], [34.2039, 28.89642], [33.9532, 28.91763], [33.81608, 28.96268], [33.77241, 28.96102], [33.68486, 28.92694], [33.66511, 28.90976], [33.6232, 28.83316], [33.60349, 28.82632], [33.50109, 28.83367], [33.19379, 28.81427], [33.16987, 28.86814], [33.17926, 28.8853], [33.17438, 28.89532], [33.18573, 28.92728], [33.16825, 28.94519], [33.16898, 28.97251], [33.18057, 29.00079], [33.12971, 29.03073], [33.12274, 29.0418], [33.10134, 29.04698], [33.07395, 29.07377], [33.06952, 29.0948], [33.01398, 29.14034], [32.99242, 29.16582], [32.97646, 29.16659], [32.94933, 29.20484], [32.93405, 29.2095], [32.92303, 29.20553], [32.90519, 29.22317], [32.89096, 29.2273], [32.87812, 29.24643], [32.87981, 29.26547], [32.87269, 29.28037], [33.10013, 29.25308], [33.86111, 29.25533], [34.03583, 29.09523]]]}}, {"type": "Feature", "properties": {"shapeID": "37247803B4771380676281", "shapeName": "Abu Simbel"}, "geometry": {"type": "MultiPolygon", "coordinates": [[[[32.67915, 23.68614], [32.67561, 23.66575], [32.65716, 23.65642], [32.6335, 23.66683], [32.63445, 23.67557], [32.66537, 23.68708], [32.67915, 23.68614]]], [[[32.65013, 22.6391], [32.63837, 22.59498], [32.62445, 22.59571], [32.59715, 22.57395], [32.56155, 22.604], [32.54852, 22.62991], [32.53704, 22.63568], [32.56912, 22.66178], [32.57604, 22.65722], [32.5923, 22.67051], [32.65013, 22.6391]]], [[[32.40014, 22.45973], [32.41671, 22.46161], [32.41578, 22.45163], [32.39532, 22.44703], [32.37693, 22.41796], [32.35945, 22.40339], [32.34579, 22.40605], [32.32033, 22.43132], [32.32123, 22.44583], [32.34169, 22.44772], [32.35724, 22.45866], [32.36494, 22.48225], [32.37661, 22.48955], [32.40014, 22.45973]]]]}}, {"type": "Feature", "properties": {"shapeID": "37247803B24325700494067", "shapeName": "Abu Tig"}, "geometry": {"type": "Polygon", "coordinates": [[[31.29139, 26.97433], [31.29551, 26.96128], [31.28608, 26.9515], [31.2738, 26.95589], [31.26895, 26.97682], [31.24581, 26.99543], [31.24513, 27.01292], [31.23002, 27.04349], [31.22665, 27.05584], [31.23885, 27.05957], [31.23963, 27.06573], [31.23516, 27.08872], [31.25536, 27.09138], [31.2619, 27.10678], [31.29235, 27.11096], [31.31518, 27.12253], [31.31827, 27.10729], [31.31006, 27.08835], [31.31373, 27.06509], [31.32329, 27.04836], [31.3371, 27.04528], [31.36637, 27.00025], [31.29139, 26.97433]]]}}, {"type": "Feature", "properties": {"shapeID": "37247803B97823956456767", "shapeName": "Abu Tisht"}, "geometry": {"type": "Polygon", "coordinates": [[[32.18126, 26.119], [32.1872, 26.11339], [32.15989, 26.08428], [32.13796, 26.08758], [32.12152, 26.099], [32.11322, 26.0875], [32.11903, 26.07638], [32.11101, 26.06812], [32.11592, 26.06223], [32.10135, 26.0548], [32.09099, 26.07058], [32.07421, 26.07967], [32.05598, 26.08042], [32.03423, 26.09562], [31.99807, 26.12921], [31.98646, 26.15933], [32.01502, 26.1853], [32.02567, 26.17336], [32.04377, 26.16673], [32.07639, 26.19306], [32.10706, 26.20349], [32.13732, 26.18237], [32.14831, 26.14021], [32.18447, 26.12511], [32.18126, 26.119]]]}}, {"type": "Feature", "properties": {"shapeID": "37247803B96122561755956", "shapeName": "Adfu"}, "geometry": {"type": "MultiPolygon", "coordinates": [[[[32.97987, 24.8933], [32.9719, 24.90782], [32.99225, 24.91751], [33.00198, 24.9046], [32.97987, 24.8933]]], [[[32.94994, 25.04803], [32.94196, 25.06255], [32.96233, 25.07224], [32.97208, 25.05933], [32.94994, 25.04803]]], [[[32.92913, 25.07606], [32.92404, 25.08224], [32.92856, 25.08532], [32.93421, 25.08018], [32.92913, 25.07606]]], [[[32.9214, 24.65325], [32.92495, 24.66993], [32.91663, 24.68325], [32.91181, 24.77099], [32.88103, 24.81661], [32.84321, 24.90297], [32.82981, 24.90589], [32.84439, 24.97284], [32.83632, 24.9903], [32.81679, 25.00882], [32.82537, 25.03338], [32.81458, 25.06275], [32.82217, 25.06676], [32.82303, 25.08182], [32.76232, 25.10161], [32.73234, 25.13642], [32.68198, 25.16446], [32.65443, 25.18728], [32.66182, 25.19329], [32.66335, 25.21369], [32.70732, 25.18345], [32.74583, 25.13179], [32.82009, 25.09931], [32.83442, 25.07104], [32.85184, 25.05941], [32.8702, 25.03207], [32.88831, 24.98394], [32.86157, 24.93696], [32.86704, 24.87696], [32.90471, 24.82251], [32.91931, 24.78777], [32.9167, 24.78602], [32.91421, 24.77979], [32.91454, 24.77711], [32.91671, 24.77513], [32.9201, 24.78661], [32.93177, 24.65166], [32.9214, 24.65325]]], [[[32.91523, 25.02059], [32.91281, 25.03103], [32.92789, 25.03379], [32.93152, 25.02445], [32.91523, 25.02059]]], [[[32.88927, 24.85743], [32.87678, 24.87353], [32.86921, 24.91313], [32.87753, 24.95471], [32.88969, 24.97299], [32.88614, 24.95772], [32.88952, 24.96213], [32.89241, 24.97745], [32.87602, 25.04642], [32.85621, 25.06093], [32.83264, 25.09538], [32.80686, 25.11441], [32.74755, 25.13868], [32.70836, 25.19197], [32.64251, 25.22862], [32.64762, 25.23842], [32.67304, 25.234], [32.72038, 25.20091], [32.71286, 25.19683], [32.71484, 25.19036], [32.73582, 25.16671], [32.7684, 25.14336], [32.79057, 25.14114], [32.81805, 25.12483], [32.82578, 25.1133], [32.84068, 25.10945], [32.85611, 25.08641], [32.8826, 25.06596], [32.88675, 25.03165], [32.90488, 25.01725], [32.90443, 24.99899], [32.91469, 24.98971], [32.90829, 24.95281], [32.88511, 24.92298], [32.90323, 24.87096], [32.89758, 24.85854], [32.88927, 24.85743]]], [[[32.77909, 24.95752], [32.77403, 24.99211], [32.75066, 25.0151], [32.76386, 25.01895], [32.78651, 24.99896], [32.79504, 24.97302], [32.79357, 24.95663], [32.81259, 24.9298], [32.80511, 24.92251], [32.77909, 24.95752]]]]}}, {"type": "Feature", "properties": {"shapeID": "37247803B31879405836913", "shapeName": "Aga"}, "geometry": {"type": "Polygon", "coordinates": [[[31.37842, 30.91483], [31.39929, 30.90816], [31.38421, 30.88045], [31.39204, 30.86323], [31.38176, 30.85335], [31.35658, 30.86588], [31.36284, 30.84804], [31.34942, 30.84704], [31.33912, 30.82719], [31.31034, 30.82223], [31.3111, 30.81192], [31.29214, 30.7904], [31.25709, 30.78924], [31.24214, 30.80134], [31.23209, 30.80024], [31.21927, 30.83133], [31.22905, 30.84282], [31.24797, 30.84106], [31.2556, 30.84892], [31.24964, 30.86881], [31.23502, 30.87681], [31.2484, 30.88031], [31.24966, 30.88726], [31.23517, 30.8985], [31.26269, 30.9169], [31.26148, 30.93252], [31.24055, 30.95237], [31.25768, 30.96889], [31.2977, 30.98086], [31.30398, 30.99898], [31.31002, 30.99356], [31.33135, 31.00098], [31.33486, 30.98482], [31.35099, 30.97132], [31.38534, 30.97727], [31.38016, 30.96288], [31.39126, 30.93035], [31.37842, 30.91483]]]}}, {"type": "Feature", "properties": {"shapeID": "37247803B37545732740300", "shapeName": "Ahnasya"}, "geometry": {"type": "Polygon", "coordinates": [[[30.97151, 29.1837], [30.9809, 29.1805], [30.98162, 29.16882], [30.97477, 29.16502], [30.9795, 29.15681], [31.00875, 29.15486], [31.01037, 29.13186], [31.01991, 29.12557], [31.00437, 29.1078], [30.99491, 29.08368], [31.00301, 29.06539], [30.99316, 29.0428], [30.97859, 29.04255], [30.95997, 29.02379], [30.96389, 29.00635], [30.94636, 28.99928], [30.91828, 29.01137], [30.90979, 29.00415], [30.90923, 29.01243], [30.86744, 29.0241], [30.87312, 29.0778], [30.88558, 29.09308], [30.88169, 29.12188], [30.94317, 29.19026], [30.94315, 29.20438], [30.97188, 29.19706], [30.97151, 29.1837]]]}}, {"type": "Feature", "properties": {"shapeID": "37247803B66210800118153", "shapeName": "Ain Shams"}, "geometry": {"type": "Polygon", "coordinates": [[[31.3248, 30.10671], [31.31486, 30.11359], [31.32385, 30.133], [31.34594, 30.13869], [31.36298, 30.12884], [31.3248, 30.10671]]]}}, {"type": "Feature", "properties": {"shapeID": "37247803B62515716527778", "shapeName": "Akhmim"}, "geometry": {"type": "Polygon", "coordinates": [[[31.82545, 26.42991], [31.81914, 26.44182], [31.82541, 26.4566], [31.81997, 26.47155], [31.81968, 26.53529], [31.80885, 26.55896], [31.79781, 26.56737], [31.77176, 26.5718], [31.75515, 26.56756], [31.73838, 26.54717], [31.71463, 26.54209], [31.70902, 26.54631], [31.70711, 26.56299], [31.71664, 26.60004], [31.71369, 26.62662], [31.72399, 26.63608], [31.71653, 26.64401], [31.71976, 26.65085], [31.70428, 26.66488], [31.70565, 26.67123], [31.72859, 26.66308], [31.74591, 26.6412], [31.75099, 26.61955], [31.78833, 26.62439], [31.78826, 26.60099], [31.80322, 26.58788], [31.80775, 26.56485], [31.82031, 26.55774], [31.82148, 26.53352], [31.83315, 26.50844], [31.82542, 26.47965], [31.83331, 26.43646], [31.82545, 26.42991]], [[31.73651, 26.55185], [31.71542, 26.56248], [31.71792, 26.55313], [31.73651, 26.55185]]]}}, {"type": "Feature", "properties": {"shapeID": "37247803B43234746614791", "shapeName": "Akhmim City"}, "geometry": {"type": "Polygon", "coordinates": [[[31.85566, 26.50277], [31.83442, 26.52154], [31.88153, 26.54795], [31.89577, 26.52597], [31.85566, 26.50277]]]}}, {"type": "Feature", "properties": {"shapeID": "37247803B32615858974663", "shapeName": "Al- Badari"}, "geometry": {"type": "Polygon", "coordinates": [[[31.41533, 27.02376], [31.44677, 27.00449], [31.45432, 26.95876], [31.4813, 26.924], [31.50253, 26.91496], [31.50127, 26.89612], [31.51529, 26.88918], [31.51028, 26.87961], [31.51429, 26.84824], [31.49131, 26.88477], [31.48273, 26.91355], [31.44068, 26.95162], [31.38991, 26.97746], [31.37515, 26.99462], [31.37334, 27.01555], [31.35399, 27.02542], [31.35297, 27.03158], [31.36172, 27.03398], [31.37957, 27.02485], [31.40174, 27.04372], [31.42233, 27.04069], [31.41533, 27.02376]]]}}, {"type": "Feature", "properties": {"shapeID": "37247803B56780050438943", "shapeName": "Al-Aguza"}, "geometry": {"type": "Polygon", "coordinates": [[[31.21952, 30.0479], [31.2136, 30.04663], [31.20486, 30.05654], [31.19448, 30.04575], [31.19269, 30.06894], [31.20141, 30.07359], [31.21677, 30.06782], [31.21952, 30.0479]]]}}, {"type": "Feature", "properties": {"shapeID": "37247803B9687639154335", "shapeName": "Al-Ahram"}, "geometry": {"type": "Polygon", "coordinates": [[[31.14779, 29.99494], [31.16424, 29.97886], [31.15474, 29.96438], [31.16155, 29.9554], [31.15052, 29.95092], [31.14188, 29.96129], [31.13954, 29.9809], [31.12741, 29.98678], [31.11906, 29.98343], [31.12516, 29.99275], [31.11767, 29.99814], [31.12186, 30.0008], [31.11757, 30.00821], [31.12654, 30.01381], [31.13253, 30.00583], [31.13292, 30.013], [31.14069, 30.01456], [31.13751, 30.02843], [31.14572, 30.03], [31.15271, 30.01711], [31.17754, 30.0093], [31.14779, 29.99494]]]}}, {"type": "Feature", "properties": {"shapeID": "37247803B56705679670206", "shapeName": "Al-Arab"}, "geometry": {"type": "Polygon", "coordinates": [[[32.29048, 31.24911], [32.28394, 31.25228], [32.29799, 31.2747], [32.30455, 31.27423], [32.29048, 31.24911]]]}}, {"type": "Feature", "properties": {"shapeID": "37247803B66278795403604", "shapeName": "Al-Arbiin"}, "geometry": {"type": "Polygon", "coordinates": [[[32.55816, 29.982], [32.55702, 29.95984], [32.54562, 29.95566], [32.51889, 29.95425], [32.4823, 29.93951], [32.47454, 29.94525], [32.52287, 29.98815], [32.54061, 30.01336], [32.577, 30.01916], [32.58356, 29.98495], [32.55816, 29.982]]]}}, {"type": "Feature", "properties": {"shapeID": "37247803B46685873859675", "shapeName": "Al-Bagur"}, "geometry": {"type": "Polygon", "coordinates": [[[31.14473, 30.46666], [31.13008, 30.4607], [31.13714, 30.44453], [31.12539, 30.43689], [31.1345, 30.42039], [31.13219, 30.40106], [31.12258, 30.39775], [31.10551, 30.42321], [31.09174, 30.41494], [31.11274, 30.3947], [31.09659, 30.36542], [31.08058, 30.36732], [31.07026, 30.37681], [31.05708, 30.37381], [31.05807, 30.36374], [31.04141, 30.35467], [31.04806, 30.33826], [31.04162, 30.33681], [31.01667, 30.34705], [31.00936, 30.36628], [30.99987, 30.36926], [31.00272, 30.37447], [30.98849, 30.37142], [30.9783, 30.39227], [30.99206, 30.40457], [30.97364, 30.41166], [30.97064, 30.42482], [30.987, 30.41985], [30.99533, 30.42929], [30.98823, 30.45472], [31.00191, 30.45692], [31.00753, 30.47783], [31.03627, 30.48549], [31.05606, 30.47192], [31.06681, 30.4813], [31.10403, 30.47787], [31.13164, 30.48867], [31.13616, 30.48098], [31.13033, 30.47492], [31.14503, 30.47454], [31.14473, 30.46666]]]}}, {"type": "Feature", "properties": {"shapeID": "37247803B40738105773266", "shapeName": "Al-Balyana"}, "geometry": {"type": "Polygon", "coordinates": [[[31.98698, 26.15976], [31.92229, 26.18838], [31.87254, 26.23444], [31.87998, 26.23993], [31.87172, 26.25431], [31.87586, 26.26901], [31.88924, 26.26363], [31.91235, 26.27286], [31.92292, 26.28827], [31.94303, 26.29938], [31.93348, 26.31043], [31.93648, 26.32125], [31.94623, 26.31118], [31.97866, 26.30162], [32.00065, 26.27302], [32.01502, 26.1853], [31.98698, 26.15976]]]}}, {"type": "Feature", "properties": {"shapeID": "37247803B10876030245945", "shapeName": "Al-Dawahy"}, "geometry": {"type": "Polygon", "coordinates": [[[32.29048, 31.24911], [32.29406, 31.23399], [32.29167, 31.241], [32.29172, 31.23418], [32.285, 31.23444], [32.26349, 31.25132], [32.27492, 31.25849], [32.29048, 31.24911]]]}}, {"type": "Feature", "properties": {"shapeID": "37247803B72725893374762", "shapeName": "Al-Dilingat"}, "geometry": {"type": "Polygon", "coordinates": [[[30.32129, 30.73517], [30.3597, 30.79053], [30.38017, 30.84804], [30.39381, 30.86119], [30.46597, 30.87652], [30.41984, 30.91313], [30.42562, 30.92104], [30.41963, 30.93193], [30.42327, 30.94954], [30.46688, 30.95104], [30.48438, 30.93171], [30.49686, 30.93363], [30.49489, 30.95209], [30.52856, 30.95943], [30.53697, 30.95545], [30.53545, 30.93575], [30.52464, 30.93042], [30.54256, 30.9198], [30.55965, 30.87098], [30.59143, 30.86668], [30.60804, 30.84734], [30.6056, 30.82812], [30.61294, 30.82661], [30.61906, 30.79759], [30.59459, 30.80327], [30.59365, 30.79557], [30.61363, 30.77079], [30.61255, 30.76156], [30.60553, 30.76324], [30.58665, 30.74089], [30.58678, 30.72558], [30.61567, 30.7106], [30.65656, 30.70592], [30.65984, 30.68977], [30.67758, 30.67811], [30.6876, 30.66044], [30.64723, 30.66747], [30.53292, 30.71122], [30.49752, 30.71141], [30.4563, 30.70275], [30.32129, 30.73517]]]}}, {"type": "Feature", "properties": {"shapeID": "37247803B61862544009771", "shapeName": "Al-Ganayin"}, "geometry": {"type": "MultiPolygon", "coordinates": [[[[32.82624, 30.15064], [32.83009, 30.07101], [32.85493, 29.94297], [32.79129, 29.93135], [32.62166, 29.83267], [32.63113, 29.84324], [32.63297, 29.86802], [32.57347, 29.92658], [32.56295, 29.92953], [32.5835, 29.94822], [32.5882, 29.97202], [32.57438, 30.04606], [32.57329, 30.21029], [32.53418, 30.26955], [32.56728, 30.28547], [32.79511, 30.24561], [32.82624, 30.15064]]], [[[32.54061, 30.01336], [32.52884, 30.02337], [32.53118, 30.0452], [32.51053, 30.05104], [32.50001, 30.07261], [32.50758, 30.08237], [32.49382, 30.08683], [32.47877, 30.10374], [32.48155, 30.12299], [32.47024, 30.12657], [32.47336, 30.16351], [32.41524, 30.18298], [32.38897, 30.24171], [32.44586, 30.23594], [32.48681, 30.21788], [32.46814, 30.20183], [32.50083, 30.18555], [32.50745, 30.17603], [32.51918, 30.18231], [32.54431, 30.17898], [32.54977, 30.15747], [32.5619, 30.15045], [32.56532, 30.04666], [32.577, 30.01916], [32.54061, 30.01336]]]]}}, {"type": "Feature", "properties": {"shapeID": "37247803B91562573257971", "shapeName": "Al-Ganoub"}, "geometry": {"type": "MultiPolygon", "coordinates": [[[[32.18477, 31.03757], [32.17678, 31.06901], [32.12288, 31.10007], [32.1122, 31.12265], [32.12822, 31.11219], [32.15763, 31.11653], [32.16796, 31.13217], [32.18369, 31.13008], [32.18621, 31.13924], [32.19572, 31.14237], [32.1968, 31.15361], [32.17298, 31.14958], [32.16653, 31.15698], [32.18087, 31.16087], [32.17309, 31.16863], [32.1961, 31.17245], [32.20529, 31.15985], [32.21314, 31.09503], [32.22285, 31.09322], [32.22595, 31.08515], [32.24598, 31.08623], [32.27666, 31.12601], [32.27356, 31.15371], [32.26332, 31.16632], [32.27634, 31.16149], [32.28433, 31.16957], [32.28079, 31.22459], [32.26486, 31.24412], [32.2827, 31.23417], [32.3027, 31.23256], [32.31081, 31.04032], [32.18477, 31.03757]]], [[[32.26238, 31.20617], [32.27907, 31.20578], [32.27044, 31.19966], [32.24896, 31.20182], [32.25811, 31.18669], [32.25574, 31.17856], [32.2495, 31.19182], [32.22658, 31.2065], [32.23629, 31.21353], [32.26238, 31.20617]]], [[[32.14614, 31.13752], [32.11678, 31.16039], [32.09349, 31.16747], [32.08593, 31.18349], [32.09382, 31.184], [32.1126, 31.16903], [32.13845, 31.16445], [32.14495, 31.14982], [32.16294, 31.14679], [32.1662, 31.14091], [32.14614, 31.13752]]]]}}, {"type": "Feature", "properties": {"shapeID": "37247803B49247378717422", "shapeName": "Al-Ganoub 2"}, "geometry": {"type": "Polygon", "coordinates": [[[32.31081, 31.04032], [32.3144, 30.9009], [32.17821, 30.89738], [32.18137, 30.92227], [32.2086, 30.93708], [32.18477, 31.03757], [32.31081, 31.04032]]]}}, {"type": "Feature", "properties": {"shapeID": "37247803B60942546572959", "shapeName": "Al-Ghanayem"}, "geometry": {"type": "Polygon", "coordinates": [[[31.29551, 26.96128], [31.29139, 26.97433], [31.31045, 26.98144], [31.31498, 26.97422], [31.30773, 26.9698], [31.31031, 26.95127], [31.31713, 26.9461], [31.31216, 26.94269], [31.31858, 26.93272], [31.32769, 26.92823], [31.33143, 26.93506], [31.34794, 26.93611], [31.35998, 26.92121], [31.35272, 26.91542], [31.35957, 26.91505], [31.35079, 26.90858], [31.3515, 26.89966], [31.37824, 26.88635], [31.33689, 26.86116], [31.32833, 26.86442], [31.30365, 26.91291], [31.29569, 26.9174], [31.30149, 26.93691], [31.28608, 26.9515], [31.29551, 26.96128]]]}}, {"type": "Feature", "properties": {"shapeID": "37247803B30384422366927", "shapeName": "Al-Hammam"}, "geometry": {"type": "Polygon", "coordinates": [[[29.63277, 30.26278], [30.33784, 29.87725], [29.61309, 29.50912], [28.76147, 28.75152], [28.60122, 30.17513], [28.44957, 30.50094], [28.47769, 30.56854], [28.70702, 30.60546], [28.92457, 30.60593], [28.96608, 30.84362], [28.99269, 30.82923], [29.05259, 30.82189], [29.17471, 30.83261], [29.1763, 30.82779], [29.37905, 30.89245], [29.39597, 30.85985], [29.47191, 30.79293], [29.51008, 30.74847], [29.62518, 30.76005], [29.63277, 30.26278]]]}}, {"type": "Feature", "properties": {"shapeID": "37247803B43495383669597", "shapeName": "Al-Hasna"}, "geometry": {"type": "Polygon", "coordinates": [[[32.82624, 30.15064], [32.81179, 30.19473], [32.92346, 30.1973], [32.9327, 30.23623], [32.91904, 30.2704], [33.42732, 30.4816], [33.45335, 30.60715], [33.96367, 30.60685], [34.13606, 30.3061], [33.86633, 29.96449], [33.83038, 29.94981], [33.77292, 29.94506], [33.70033, 29.95363], [33.66617, 29.96827], [33.62771, 30.06207], [33.59682, 30.07762], [33.49938, 30.07417], [33.34433, 30.05156], [33.24245, 30.02483], [33.21639, 30.02343], [32.8327, 30.05867], [32.82624, 30.15064]]]}}, {"type": "Feature", "properties": {"shapeID": "37247803B51599084555013", "shapeName": "Al-Husayniya"}, "geometry": {"type": "Polygon", "coordinates": [[[32.17678, 31.06901], [32.2086, 30.93708], [32.18137, 30.92227], [32.16246, 30.73314], [32.04389, 30.73295], [32.05115, 30.7359], [32.04265, 30.76808], [32.03224, 30.76481], [32.02364, 30.77788], [31.99283, 30.78289], [31.97948, 30.77072], [31.94712, 30.76873], [31.9378, 30.75607], [31.92388, 30.75561], [31.91135, 30.77305], [31.89564, 30.77301], [31.8839, 30.78693], [31.88833, 30.80126], [31.85617, 30.80704], [31.85553, 30.81681], [31.86236, 30.82056], [31.85786, 30.84106], [31.86579, 30.84817], [31.87895, 30.88688], [31.87001, 30.88825], [31.85176, 30.86096], [31.84752, 30.87041], [31.83592, 30.8734], [31.84479, 30.88792], [31.83194, 30.89299], [31.82613, 30.92822], [31.87452, 30.97317], [31.88711, 31.04907], [31.8644, 31.05552], [31.85549, 31.07103], [31.94285, 31.08857], [31.97251, 31.11039], [32.08786, 31.11651], [32.17678, 31.06901]]]}}, {"type": "Feature", "properties": {"shapeID": "37247803B20145410144228", "shapeName": "Al-Kharga Oasis"}, "geometry": {"type": "Polygon", "coordinates": [[[29.39937, 24.75922], [29.56566, 25.18107], [29.94814, 25.70038], [30.8645, 26.79119], [31.1559, 26.82733], [31.29157, 26.83351], [31.44809, 26.63269], [31.76193, 26.29763], [32.03947, 26.06096], [32.2175, 25.97388], [32.24517, 25.98464], [32.3215, 25.98672], [32.44265, 26.04069], [32.67483, 26.10332], [32.73317, 26.07576], [32.73934, 26.05673], [32.72722, 25.97396], [32.68311, 25.91795], [32.66844, 25.84005], [32.64354, 25.79012], [32.53352, 25.69179], [32.4251, 25.64643], [32.45242, 25.39232], [32.51583, 25.24656], [32.65512, 25.16875], [31.75804, 23.47261], [29.4206, 23.86053], [29.39937, 24.75922]]]}}, {"type": "Feature", "properties": {"shapeID": "37247803B49167572517761", "shapeName": "Al-Mahmudiyya"}, "geometry": {"type": "Polygon", "coordinates": [[[30.42558, 31.1309], [30.44106, 31.15448], [30.41705, 31.17566], [30.47866, 31.21202], [30.50788, 31.21084], [30.49481, 31.21964], [30.47923, 31.21928], [30.4608, 31.23248], [30.42417, 31.22357], [30.41802, 31.27498], [30.42842, 31.28128], [30.44373, 31.28403], [30.47075, 31.2572], [30.50543, 31.27125], [30.51487, 31.26789], [30.49587, 31.23884], [30.5034, 31.22847], [30.5253, 31.22562], [30.52363, 31.1887], [30.54357, 31.18757], [30.56293, 31.20078], [30.60632, 31.1729], [30.56983, 31.16202], [30.58025, 31.143], [30.59046, 31.14436], [30.59826, 31.1364], [30.54838, 31.11329], [30.53287, 31.12681], [30.50868, 31.1097], [30.49903, 31.11913], [30.49645, 31.1252], [30.52147, 31.14106], [30.51511, 31.15235], [30.4969, 31.13371], [30.48811, 31.14014], [30.4319, 31.11782], [30.42558, 31.1309]]]}}, {"type": "Feature", "properties": {"shapeID": "37247803B61040397145628", "shapeName": "Al-Manasra"}, "geometry": {"type": "MultiPolygon", "coordinates": [[[[32.26486, 31.24412], [32.16167, 31.29375], [32.13044, 31.32135], [32.07269, 31.34776], [32.08117, 31.35252], [32.05997, 31.35951], [32.0636, 31.36493], [32.124, 31.33804], [32.18889, 31.29575], [32.26646, 31.2796], [32.26498, 31.27272], [32.25034, 31.26816], [32.26486, 31.24412]]], [[[32.21797, 31.2122], [32.22114, 31.20896], [32.18452, 31.20757], [32.15597, 31.22159], [32.18552, 31.21295], [32.21797, 31.2122]]], [[[32.18319, 31.24041], [32.18383, 31.22755], [32.15725, 31.23857], [32.15393, 31.2293], [32.14888, 31.23199], [32.14998, 31.24529], [32.16069, 31.24681], [32.18319, 31.24041]]], [[[32.14309, 31.24994], [32.13941, 31.25549], [32.15078, 31.25631], [32.15204, 31.24975], [32.14309, 31.24994]]], [[[32.09039, 31.3048], [32.09949, 31.29393], [32.13255, 31.28517], [32.11393, 31.28222], [32.09051, 31.29182], [32.08527, 31.31253], [32.09786, 31.31438], [32.09039, 31.3048]]], [[[32.09044, 31.23902], [32.08833, 31.25269], [32.1027, 31.24787], [32.10017, 31.23721], [32.09044, 31.23902]]]]}}, {"type": "Feature", "properties": {"shapeID": "37247803B96203293605859", "shapeName": "Al-Maragha"}, "geometry": {"type": "MultiPolygon", "coordinates": [[[[31.62362, 26.61939], [31.60013, 26.61839], [31.59934, 26.60647], [31.5901, 26.60386], [31.57629, 26.58581], [31.56097, 26.58193], [31.5438, 26.59322], [31.52249, 26.59403], [31.50677, 26.62404], [31.51745, 26.63899], [31.55248, 26.65359], [31.54199, 26.6634], [31.54349, 26.6845], [31.53541, 26.6883], [31.52091, 26.67888], [31.51336, 26.68359], [31.51856, 26.7106], [31.52627, 26.71278], [31.52144, 26.7176], [31.52891, 26.71687], [31.52555, 26.72611], [31.55384, 26.7353], [31.56053, 26.75458], [31.57153, 26.74901], [31.59244, 26.7274], [31.614, 26.69055], [31.633, 26.68177], [31.63376, 26.64329], [31.64297, 26.63447], [31.62362, 26.61939]]], [[[31.61484, 26.69577], [31.61285, 26.71418], [31.63633, 26.7022], [31.64005, 26.68646], [31.61484, 26.69577]]]]}}, {"type": "Feature", "properties": {"shapeID": "37247803B33567976679520", "shapeName": "Al-Minshat"}, "geometry": {"type": "Polygon", "coordinates": [[[31.79509, 26.46432], [31.79353, 26.44168], [31.80227, 26.42547], [31.78007, 26.41351], [31.78531, 26.39778], [31.77776, 26.40067], [31.76513, 26.38995], [31.78314, 26.37783], [31.77237, 26.36037], [31.6914, 26.45378], [31.70626, 26.45228], [31.71661, 26.45899], [31.71192, 26.47559], [31.73199, 26.48398], [31.7379, 26.49673], [31.75001, 26.49193], [31.75663, 26.51248], [31.76949, 26.51731], [31.76567, 26.52793], [31.78743, 26.54225], [31.77692, 26.56762], [31.79354, 26.56481], [31.81317, 26.53452], [31.8132, 26.48863], [31.80702, 26.46718], [31.79509, 26.46432]]]}}, {"type": "Feature", "properties": {"shapeID": "37247803B61340660401138", "shapeName": "Al-Munakh"}, "geometry": {"type": "Polygon", "coordinates": [[[32.28394, 31.25228], [32.27492, 31.25849], [32.2794, 31.27743], [32.29799, 31.2747], [32.28394, 31.25228]]]}}, {"type": "Feature", "properties": {"shapeID": "37247803B43840027244949", "shapeName": "Al-Qanayat"}, "geometry": {"type": "Polygon", "coordinates": [[[31.48336, 30.63976], [31.49957, 30.64334], [31.48863, 30.61686], [31.46161, 30.61013], [31.44375, 30.61708], [31.44169, 30.64422], [31.45031, 30.6439], [31.46194, 30.65737], [31.47629, 30.64945], [31.4745, 30.64422], [31.48336, 30.63976]]]}}, {"type": "Feature", "properties": {"shapeID": "37247803B63984136807861", "shapeName": "Al-Qusia"}, "geometry": {"type": "MultiPolygon", "coordinates": [[[[30.84605, 27.45746], [30.87003, 27.41798], [30.91279, 27.40521], [30.92328, 27.39553], [30.92302, 27.38673], [30.88098, 27.37365], [30.84467, 27.38091], [30.84314, 27.37577], [30.86072, 27.37575], [30.85919, 27.37095], [30.87104, 27.36167], [30.86874, 27.35207], [30.85422, 27.34935], [30.85383, 27.34044], [30.87331, 27.32875], [30.85462, 27.33052], [30.83805, 27.32038], [30.79537, 27.34189], [30.7774, 27.38271], [30.74069, 27.39784], [30.72328, 27.46536], [30.74217, 27.47465], [30.74599, 27.48563], [30.76207, 27.47224], [30.78579, 27.46844], [30.78617, 27.45198], [30.81142, 27.44612], [30.80606, 27.45641], [30.81257, 27.45743], [30.80071, 27.47734], [30.81027, 27.4811], [30.81333, 27.47355], [30.82137, 27.47765], [30.84063, 27.46773], [30.85249, 27.47765], [30.84605, 27.45746]]], [[[30.87171, 27.42272], [30.8507, 27.46118], [30.87023, 27.4993], [30.86091, 27.5301], [30.86728, 27.53242], [30.87559, 27.49965], [30.86294, 27.45442], [30.87314, 27.42633], [30.88896, 27.41555], [30.87171, 27.42272]]]]}}, {"type": "Feature", "properties": {"shapeID": "37247803B62002284809719", "shapeName": "Al-Rahmaniyya"}, "geometry": {"type": "Polygon", "coordinates": [[[30.53287, 31.12681], [30.5451, 31.11317], [30.5723, 31.12852], [30.57831, 31.12301], [30.58693, 31.12704], [30.59826, 31.1364], [30.59046, 31.14436], [30.58025, 31.143], [30.57082, 31.1644], [30.60632, 31.1729], [30.63873, 31.11513], [30.69863, 31.08418], [30.67524, 31.0778], [30.67003, 31.0671], [30.65193, 31.05905], [30.64547, 31.05767], [30.64516, 31.06749], [30.63688, 31.06914], [30.60544, 31.0413], [30.56876, 31.04085], [30.56592, 31.05691], [30.57281, 31.07848], [30.58938, 31.08811], [30.58146, 31.09995], [30.56857, 31.09959], [30.57109, 31.08412], [30.55501, 31.08609], [30.54213, 31.05585], [30.52383, 31.05005], [30.51908, 31.06037], [30.52893, 31.06746], [30.50551, 31.09263], [30.5132, 31.10305], [30.50868, 31.1097], [30.53287, 31.12681]]]}}, {"type": "Feature", "properties": {"shapeID": "37247803B28046922888397", "shapeName": "Al-Salhiyya"}, "geometry": {"type": "Polygon", "coordinates": [[[31.71171, 30.5426], [31.69772, 30.55615], [31.70118, 30.56895], [31.72232, 30.5728], [31.71856, 30.58341], [31.75716, 30.60405], [31.76776, 30.59836], [31.76914, 30.61705], [31.77769, 30.61892], [31.7899, 30.60569], [31.8294, 30.62589], [31.83767, 30.61674], [31.84513, 30.6275], [31.82778, 30.64933], [31.85827, 30.66699], [31.8493, 30.6668], [31.84677, 30.6727], [31.89499, 30.69893], [31.9349, 30.68282], [32.04389, 30.73295], [32.16246, 30.73314], [32.15912, 30.67787], [32.17477, 30.62576], [32.1111, 30.60173], [32.10904, 30.59577], [32.117, 30.59351], [32.12781, 30.56256], [32.08297, 30.55264], [32.07032, 30.55467], [32.06548, 30.56329], [31.97648, 30.5755], [31.86605, 30.55528], [31.7716, 30.57332], [31.75266, 30.55797], [31.71171, 30.5426]]]}}, {"type": "Feature", "properties": {"shapeID": "37247803B90790546702269", "shapeName": "Al-Sharq"}, "geometry": {"type": "Polygon", "coordinates": [[[32.30455, 31.27423], [32.32042, 31.27558], [32.33389, 31.2923], [32.31109, 31.25964], [32.29988, 31.25601], [32.30051, 31.23386], [32.29406, 31.23399], [32.29048, 31.24911], [32.30455, 31.27423]]]}}, {"type": "Feature", "properties": {"shapeID": "37247803B57305898539534", "shapeName": "Al-Shuhada"}, "geometry": {"type": "Polygon", "coordinates": [[[30.95477, 30.58552], [30.94389, 30.57985], [30.93895, 30.56841], [30.92663, 30.56732], [30.91863, 30.55233], [30.92558, 30.55193], [30.91646, 30.53951], [30.89853, 30.53832], [30.88874, 30.52545], [30.8732, 30.52397], [30.86195, 30.53066], [30.85662, 30.52297], [30.84746, 30.52604], [30.85386, 30.53524], [30.84825, 30.54665], [30.81837, 30.54569], [30.81797, 30.56378], [30.8413, 30.58335], [30.81544, 30.58885], [30.78869, 30.64534], [30.80373, 30.67159], [30.82832, 30.67855], [30.84517, 30.67863], [30.84903, 30.65831], [30.84987, 30.66725], [30.88765, 30.66961], [30.88571, 30.65195], [30.90962, 30.62404], [30.92125, 30.62032], [30.93367, 30.59337], [30.95216, 30.59618], [30.95477, 30.58552]]]}}, {"type": "Feature", "properties": {"shapeID": "37247803B51826009871737", "shapeName": "Al-Tur"}, "geometry": {"type": "Polygon", "coordinates": [[[33.50109, 28.83367], [33.60349, 28.82632], [33.72867, 28.70448], [33.83081, 28.61818], [33.92706, 28.51702], [33.99191, 28.46711], [34.09543, 28.42775], [34.03931, 28.27071], [33.98332, 28.13721], [33.95515, 27.89388], [33.94881, 27.89128], [33.91737, 27.93497], [33.90367, 27.93923], [33.87559, 27.93112], [33.85482, 27.96042], [33.82625, 27.97009], [33.79046, 28.0102], [33.75986, 28.01974], [33.76614, 28.03437], [33.75478, 28.04701], [33.7312, 28.05587], [33.72461, 28.06639], [33.70743, 28.07024], [33.7084, 28.0855], [33.66721, 28.13713], [33.66853, 28.15986], [33.65499, 28.16562], [33.64729, 28.16156], [33.64685, 28.16811], [33.63215, 28.17365], [33.62468, 28.18922], [33.621, 28.22853], [33.61424, 28.23744], [33.60204, 28.23709], [33.60717, 28.23211], [33.59212, 28.24281], [33.56549, 28.29531], [33.54876, 28.29684], [33.53182, 28.31353], [33.50775, 28.31948], [33.47829, 28.34431], [33.44325, 28.35885], [33.40227, 28.38973], [33.4016, 28.40087], [33.36792, 28.43662], [33.36341, 28.45491], [33.30653, 28.4883], [33.27988, 28.51743], [33.28086, 28.52523], [33.25657, 28.54354], [33.26235, 28.55016], [33.25835, 28.54282], [33.26957, 28.54333], [33.27153, 28.55882], [33.25403, 28.58133], [33.23497, 28.57412], [33.24405, 28.55511], [33.25467, 28.54929], [33.24336, 28.55029], [33.223, 28.5889], [33.21778, 28.63509], [33.19763, 28.67093], [33.20575, 28.70911], [33.22121, 28.73484], [33.22902, 28.76568], [33.20976, 28.80083], [33.19379, 28.81427], [33.50109, 28.83367]]]}}, {"type": "Feature", "properties": {"shapeID": "37247803B87412130883557", "shapeName": "Al-Zohour"}, "geometry": {"type": "Polygon", "coordinates": [[[32.26349, 31.25132], [32.25034, 31.26816], [32.26498, 31.27272], [32.26646, 31.2796], [32.2794, 31.27743], [32.27492, 31.25849], [32.26349, 31.25132]]]}}, {"type": "Feature", "properties": {"shapeID": "37247803B92926604097979", "shapeName": "Al Amreia"}, "geometry": {"type": "Polygon", "coordinates": [[[29.90235, 31.00019], [29.91672, 30.98012], [29.90565, 30.96418], [29.91186, 30.95525], [29.85149, 30.93121], [29.9162, 30.82875], [29.95918, 30.78887], [29.9241, 30.75879], [29.83046, 30.73337], [29.71759, 30.7693], [29.63926, 30.84079], [29.63942, 30.88299], [29.75451, 30.96627], [29.69815, 30.96974], [29.63725, 30.93303], [29.6344, 31.0012], [29.68223, 31.03071], [29.66996, 31.04519], [29.66964, 31.05448], [29.6702, 31.05463], [29.66967, 31.05558], [29.67, 31.05648], [29.739, 31.1011], [29.74876, 31.08673], [29.76517, 31.07817], [29.78574, 31.10211], [29.79883, 31.08875], [29.79635, 31.08257], [29.8549, 31.12193], [29.85793, 31.10043], [29.87604, 31.10875], [29.87547, 31.09237], [29.89067, 31.1033], [29.91765, 31.1062], [29.90374, 31.11835], [29.93117, 31.1285], [29.90086, 31.13828], [29.94708, 31.1744], [29.98916, 31.18428], [29.98628, 31.13938], [29.90235, 31.00019]]]}}, {"type": "Feature", "properties": {"shapeID": "37247803B2309887607754", "shapeName": "Al Attarin"}, "geometry": {"type": "Polygon", "coordinates": [[[29.89687, 31.20121], [29.90638, 31.20721], [29.91386, 31.1961], [29.89994, 31.18956], [29.89687, 31.20121]]]}}, {"type": "Feature", "properties": {"shapeID": "37247803B6267278220516", "shapeName": "Al Azbakiyya"}, "geometry": {"type": "Polygon", "coordinates": [[[31.23868, 30.05422], [31.23946, 30.06241], [31.25291, 30.06718], [31.24768, 30.05278], [31.23868, 30.05422]]]}}, {"type": "Feature", "properties": {"shapeID": "37247803B66957331642315", "shapeName": "Al Darb al-Ahmar"}, "geometry": {"type": "Polygon", "coordinates": [[[31.25604, 30.04821], [31.27082, 30.04427], [31.26391, 30.03439], [31.25099, 30.04047], [31.25604, 30.04821]]]}}, {"type": "Feature", "properties": {"shapeID": "37247803B81947016112808", "shapeName": "Al Dikhila"}, "geometry": {"type": "Polygon", "coordinates": [[[29.79635, 31.08257], [29.79883, 31.08875], [29.78574, 31.10211], [29.76517, 31.07817], [29.74876, 31.08673], [29.739, 31.1011], [29.77703, 31.13068], [29.78292, 31.14599], [29.79091, 31.15102], [29.79175, 31.1498], [29.79744, 31.15355], [29.80637, 31.15592], [29.78551, 31.14532], [29.79857, 31.14449], [29.79454, 31.1337], [29.80216, 31.1433], [29.80738, 31.13466], [29.81056, 31.14038], [29.81119, 31.13461], [29.82381, 31.13765], [29.85229, 31.15872], [29.8549, 31.12193], [29.79635, 31.08257]]]}}, {"type": "Feature", "properties": {"shapeID": "37247803B67299056810507", "shapeName": "Al Farafra Oasis"}, "geometry": {"type": "Polygon", "coordinates": [[[28.51147, 26.91942], [28.45067, 26.54377], [28.34162, 26.43833], [28.22951, 26.41198], [28.09044, 26.42991], [27.89463, 26.59281], [27.6862, 26.7436], [27.50845, 26.77075], [25.0013, 26.6627], [25.00158, 27.64856], [27.36089, 27.67578], [28.53467, 27.67273], [28.51147, 26.91942]]]}}, {"type": "Feature", "properties": {"shapeID": "37247803B34846492708063", "shapeName": "Al Fashn"}, "geometry": {"type": "MultiPolygon", "coordinates": [[[[30.92552, 28.80489], [30.91752, 28.79622], [30.92334, 28.78688], [30.91521, 28.76465], [30.92609, 28.74531], [30.91157, 28.73465], [30.90153, 28.70956], [30.89628, 28.70998], [30.89625, 28.72282], [30.92055, 28.77995], [30.91274, 28.82012], [30.92387, 28.8337], [30.92993, 28.85656], [30.92552, 28.80489]]], [[[30.87766, 28.87979], [30.89466, 28.89239], [30.89382, 28.885], [30.90384, 28.88611], [30.91209, 28.87582], [30.91076, 28.86013], [30.91411, 28.8648], [30.92535, 28.86035], [30.90721, 28.81231], [30.91353, 28.78584], [30.9064, 28.75274], [30.89053, 28.72154], [30.86166, 28.71719], [30.84251, 28.731], [30.83399, 28.74874], [30.81235, 28.7458], [30.81189, 28.7619], [30.79638, 28.75632], [30.79373, 28.74516], [30.77893, 28.76239], [30.77848, 28.75813], [30.73743, 28.76785], [30.74839, 28.81344], [30.76549, 28.84725], [30.78404, 28.86666], [30.7828, 28.88038], [30.80945, 28.87574], [30.82943, 28.88073], [30.83827, 28.90025], [30.86735, 28.89099], [30.87766, 28.87979]]]]}}, {"type": "Feature", "properties": {"shapeID": "37247803B59433804182787", "shapeName": "Al Gumruk"}, "geometry": {"type": "Polygon", "coordinates": [[[29.87322, 31.2019], [29.86189, 31.19565], [29.87802, 31.20609], [29.87709, 31.21196], [29.89224, 31.21485], [29.88338, 31.21049], [29.88828, 31.19509], [29.87322, 31.2019]]]}}, {"type": "Feature", "properties": {"shapeID": "37247803B81871138986317", "shapeName": "Al Hamul"}, "geometry": {"type": "MultiPolygon", "coordinates": [[[[31.20443, 31.36622], [31.22096, 31.35435], [31.2137, 31.34216], [31.22952, 31.3309], [31.21188, 31.31056], [31.17954, 31.30452], [31.17996, 31.28118], [31.19009, 31.26939], [31.17409, 31.26529], [31.16936, 31.25522], [31.15838, 31.25566], [31.14605, 31.23217], [31.11941, 31.22727], [31.07174, 31.24134], [31.03577, 31.22579], [31.03064, 31.24274], [31.03601, 31.2479], [31.04007, 31.29483], [31.00648, 31.37227], [30.96091, 31.35834], [30.94669, 31.39227], [30.94401, 31.40826], [30.95729, 31.42225], [30.95833, 31.44941], [30.96588, 31.44448], [30.96301, 31.43742], [30.99034, 31.44136], [31.00581, 31.46836], [30.99573, 31.47883], [31.00725, 31.48495], [31.02093, 31.50673], [31.02201, 31.51503], [31.01445, 31.51965], [31.06628, 31.52167], [31.07936, 31.51569], [31.0918, 31.49579], [31.10404, 31.49391], [31.10819, 31.5093], [31.11197, 31.5071], [31.10714, 31.5137], [31.12077, 31.52508], [31.11322, 31.54236], [31.15717, 31.53661], [31.18799, 31.49956], [31.20443, 31.36622]]], [[[30.79191, 31.53886], [30.96737, 31.58848], [31.02737, 31.59959], [31.02136, 31.58225], [30.99692, 31.58198], [30.98336, 31.56666], [30.9663, 31.56033], [30.913, 31.54223], [30.88895, 31.54281], [30.87037, 31.53137], [30.86199, 31.53635], [30.84052, 31.52867], [30.8256, 31.53179], [30.80642, 31.52067], [30.79191, 31.53886]]]]}}, {"type": "Feature", "properties": {"shapeID": "37247803B15392203431980", "shapeName": "Al Khalifa"}, "geometry": {"type": "Polygon", "coordinates": [[[31.27327, 30.02872], [31.28275, 30.03958], [31.28665, 30.0323], [31.30383, 30.03727], [31.3397, 30.01733], [31.34266, 30.00744], [31.33744, 29.99967], [31.34962, 29.98128], [31.27185, 29.99891], [31.27213, 29.99319], [31.26115, 29.99269], [31.25548, 30.00783], [31.24955, 30.0064], [31.25304, 30.03772], [31.27327, 30.02872]]]}}, {"type": "Feature", "properties": {"shapeID": "37247803B26389200974070", "shapeName": "Al Khanka"}, "geometry": {"type": "Polygon", "coordinates": [[[31.39015, 30.28886], [31.39962, 30.26221], [31.42635, 30.25431], [31.42433, 30.24333], [31.40537, 30.23793], [31.41641, 30.18825], [31.40523, 30.19029], [31.40116, 30.17524], [31.37747, 30.17937], [31.37693, 30.16221], [31.36631, 30.15473], [31.35961, 30.16639], [31.33973, 30.16398], [31.33776, 30.16975], [31.31211, 30.17044], [31.30568, 30.18022], [31.30901, 30.18976], [31.30166, 30.19154], [31.30677, 30.20747], [31.31773, 30.21545], [31.30609, 30.22221], [31.30833, 30.25772], [31.33935, 30.26604], [31.34245, 30.29265], [31.37177, 30.30453], [31.39015, 30.28886]]]}}, {"type": "Feature", "properties": {"shapeID": "37247803B47768996612794", "shapeName": "Al Manshiyya"}, "geometry": {"type": "Polygon", "coordinates": [[[29.88828, 31.19509], [29.88619, 31.2013], [29.89687, 31.20121], [29.88828, 31.19509]]]}}, {"type": "Feature", "properties": {"shapeID": "37247803B27962965783351", "shapeName": "Al Matariyya"}, "geometry": {"type": "Polygon", "coordinates": [[[31.31486, 30.11359], [31.28486, 30.11397], [31.29063, 30.13111], [31.29795, 30.12963], [31.31296, 30.1423], [31.31925, 30.12987], [31.31486, 30.11359]]]}}, {"type": "Feature", "properties": {"shapeID": "37247803B98787115048764", "shapeName": "Al Raml"}, "geometry": {"type": "Polygon", "coordinates": [[[29.97623, 31.23147], [29.9837, 31.24239], [29.96992, 31.23564], [29.97026, 31.24326], [29.96364, 31.23881], [29.96593, 31.23393], [29.95379, 31.22915], [29.94803, 31.23474], [29.97353, 31.25371], [29.99367, 31.24159], [29.99441, 31.21978], [29.97623, 31.23147]]]}}, {"type": "Feature", "properties": {"shapeID": "37247803B54164801772616", "shapeName": "Al Sahil"}, "geometry": {"type": "Polygon", "coordinates": [[[31.25659, 30.07953], [31.23464, 30.08295], [31.24378, 30.10518], [31.25611, 30.10867], [31.25659, 30.07953]]]}}, {"type": "Feature", "properties": {"shapeID": "37247803B59541002076203", "shapeName": "Al Salam"}, "geometry": {"type": "Polygon", "coordinates": [[[31.34594, 30.13869], [31.31925, 30.12987], [31.32843, 30.14224], [31.36361, 30.14258], [31.37866, 30.15028], [31.39125, 30.15942], [31.40523, 30.19029], [31.41641, 30.18825], [31.41476, 30.19639], [31.43298, 30.19099], [31.43309, 30.18298], [31.45286, 30.16724], [31.46341, 30.1679], [31.46343, 30.16062], [31.36298, 30.12884], [31.34594, 30.13869]]]}}, {"type": "Feature", "properties": {"shapeID": "37247803B22012205190656", "shapeName": "Al Sharabiyya"}, "geometry": {"type": "Polygon", "coordinates": [[[31.25724, 30.09778], [31.26, 30.09892], [31.27195, 30.082], [31.26609, 30.06951], [31.25389, 30.06521], [31.25724, 30.09778]]]}}, {"type": "Feature", "properties": {"shapeID": "37247803B18410334160069", "shapeName": "Al Tibbin"}, "geometry": {"type": "Polygon", "coordinates": [[[31.37739, 29.78892], [31.37776, 29.76721], [31.33481, 29.76768], [31.30805, 29.75407], [31.29841, 29.77171], [31.29345, 29.77072], [31.29873, 29.8037], [31.31574, 29.80406], [31.31521, 29.79449], [31.32827, 29.78881], [31.37739, 29.78892]]]}}, {"type": "Feature", "properties": {"shapeID": "37247803B53334820254906", "shapeName": "Al Usayrat"}, "geometry": {"type": "Polygon", "coordinates": [[[31.78314, 26.37783], [31.76513, 26.38995], [31.77776, 26.40067], [31.78531, 26.39778], [31.78007, 26.41351], [31.80227, 26.42547], [31.79353, 26.44168], [31.79509, 26.46432], [31.80702, 26.46718], [31.81048, 26.43881], [31.87118, 26.37775], [31.84276, 26.37968], [31.84144, 26.36603], [31.80746, 26.34875], [31.80827, 26.33786], [31.79999, 26.33466], [31.79448, 26.33682], [31.79774, 26.34617], [31.78355, 26.3478], [31.78295, 26.35448], [31.77569, 26.35018], [31.77237, 26.36037], [31.78314, 26.37783]]]}}, {"type": "Feature", "properties": {"shapeID": "37247803B80470796626605", "shapeName": "Al Waqf"}, "geometry": {"type": "MultiPolygon", "coordinates": [[[[32.49283, 26.10029], [32.4805, 26.07256], [32.45356, 26.07562], [32.42065, 26.05792], [32.40944, 26.06613], [32.39388, 26.06525], [32.43363, 26.10926], [32.55381, 26.11234], [32.49283, 26.10029]]], [[[32.36735, 26.06655], [32.35464, 26.07435], [32.38881, 26.07214], [32.38065, 26.06307], [32.36735, 26.06655]]]]}}, {"type": "Feature", "properties": {"shapeID": "37247803B53497462847633", "shapeName": "Al Wasta"}, "geometry": {"type": "Polygon", "coordinates": [[[31.2307, 29.38261], [31.20947, 29.33387], [31.21776, 29.25844], [31.20958, 29.24727], [31.20903, 29.21927], [31.17926, 29.21944], [31.14067, 29.23355], [31.13112, 29.22603], [31.09078, 29.22597], [31.08187, 29.2203], [31.07858, 29.227], [31.0894, 29.23946], [31.08799, 29.2599], [31.05514, 29.24626], [31.04341, 29.2565], [31.08135, 29.27195], [31.11513, 29.29953], [31.13931, 29.35058], [31.16268, 29.37827], [31.16942, 29.41737], [31.16447, 29.42066], [31.17847, 29.43209], [31.20172, 29.40186], [31.22824, 29.39968], [31.2307, 29.38261]]]}}, {"type": "Feature", "properties": {"shapeID": "37247803B46837021628067", "shapeName": "Al Wayli"}, "geometry": {"type": "Polygon", "coordinates": [[[31.30274, 30.07446], [31.28016, 30.05631], [31.2705, 30.07248], [31.29619, 30.08516], [31.30274, 30.07446]]]}}, {"type": "Feature", "properties": {"shapeID": "37247803B28746183260819", "shapeName": "Al Zahir"}, "geometry": {"type": "Polygon", "coordinates": [[[31.2705, 30.07248], [31.28016, 30.05631], [31.27103, 30.05346], [31.26968, 30.06271], [31.25236, 30.06015], [31.2705, 30.07248]]]}}, {"type": "Feature", "properties": {"shapeID": "37247803B62499095418831", "shapeName": "Al Zaytun"}, "geometry": {"type": "Polygon", "coordinates": [[[31.3248, 30.10671], [31.29619, 30.08516], [31.29024, 30.09924], [31.28023, 30.10153], [31.28486, 30.11397], [31.31486, 30.11359], [31.3248, 30.10671]]]}}, {"type": "Feature", "properties": {"shapeID": "37247803B41250479572628", "shapeName": "Alamn"}, "geometry": {"type": "Polygon", "coordinates": [[[28.92457, 30.60593], [28.70702, 30.60546], [28.47769, 30.56854], [28.46031, 30.69668], [28.48358, 30.74131], [28.56607, 30.82305], [28.61855, 30.89714], [28.64218, 31.00053], [28.69782, 30.99841], [28.72095, 30.98197], [28.75279, 30.9807], [28.75485, 30.96694], [28.78501, 30.95075], [28.82164, 30.94901], [28.82573, 30.92368], [28.83374, 30.91475], [28.88494, 30.88861], [28.89869, 30.87167], [28.96608, 30.84362], [28.92457, 30.60593]]]}}, {"type": "Feature", "properties": {"shapeID": "37247803B50219622339720", "shapeName": "Alfath"}, "geometry": {"type": "Polygon", "coordinates": [[[31.14332, 27.23579], [31.15532, 27.24223], [31.16094, 27.23124], [31.17258, 27.22795], [31.18059, 27.24036], [31.17322, 27.24667], [31.19191, 27.24488], [31.19504, 27.26613], [31.20877, 27.26505], [31.20386, 27.27638], [31.20966, 27.27635], [31.24496, 27.24947], [31.25739, 27.21205], [31.25649, 27.17845], [31.27366, 27.18283], [31.28008, 27.16806], [31.30379, 27.16259], [31.30124, 27.15839], [31.20592, 27.18113], [31.18501, 27.21666], [31.15722, 27.21998], [31.12987, 27.2081], [31.11811, 27.22284], [31.12459, 27.24216], [31.14332, 27.23579]]]}}, {"type": "Feature", "properties": {"shapeID": "37247803B28192113145833", "shapeName": "Armant"}, "geometry": {"type": "Polygon", "coordinates": [[[32.57968, 25.62515], [32.47383, 25.59532], [32.46662, 25.56499], [32.47447, 25.54116], [32.45481, 25.53248], [32.43852, 25.56258], [32.44278, 25.59764], [32.43742, 25.60282], [32.44639, 25.62716], [32.44389, 25.64259], [32.45582, 25.64465], [32.46342, 25.65929], [32.54645, 25.69064], [32.57909, 25.66514], [32.5961, 25.64226], [32.57968, 25.62515]]]}}, {"type": "Feature", "properties": {"shapeID": "37247803B18007255516355", "shapeName": "Ashmun"}, "geometry": {"type": "MultiPolygon", "coordinates": [[[[31.00272, 30.37447], [30.99987, 30.36926], [31.00936, 30.36628], [31.01667, 30.34705], [31.04162, 30.33681], [31.04806, 30.33826], [31.04141, 30.35467], [31.05807, 30.36374], [31.0751, 30.35074], [31.08315, 30.33285], [31.10876, 30.32013], [31.08937, 30.28475], [31.11817, 30.26489], [31.1035, 30.24098], [31.11032, 30.22981], [31.1069, 30.22242], [31.08666, 30.21108], [31.06832, 30.22082], [31.05428, 30.22008], [31.01919, 30.19932], [31.01315, 30.1984], [30.98985, 30.20996], [30.97115, 30.23328], [30.96638, 30.26826], [30.95822, 30.28282], [30.94692, 30.28914], [30.93034, 30.28323], [30.91558, 30.28676], [30.92393, 30.31423], [30.91914, 30.33425], [30.87609, 30.34135], [30.84937, 30.3253], [30.82926, 30.33179], [30.82214, 30.34314], [30.83859, 30.36155], [30.87895, 30.37184], [30.87392, 30.39013], [30.88373, 30.39446], [30.9186, 30.39297], [30.92392, 30.4002], [30.94327, 30.38919], [30.94458, 30.39627], [30.95606, 30.39693], [30.96635, 30.37854], [30.98275, 30.36737], [31.00272, 30.37447]]], [[[31.08337, 30.33399], [31.08378, 30.33485], [31.08815, 30.33179], [31.08337, 30.33399]]]]}}, {"type": "Feature", "properties": {"shapeID": "37247803B81923803494172", "shapeName": "Assuit"}, "geometry": {"type": "MultiPolygon", "coordinates": [[[[31.29235, 27.11096], [31.2619, 27.10678], [31.25536, 27.09138], [31.23707, 27.09145], [31.23885, 27.05957], [31.22665, 27.05584], [31.21717, 27.0672], [31.18636, 27.08103], [31.16438, 27.11299], [31.17514, 27.14038], [31.16643, 27.16272], [31.20296, 27.17764], [31.22879, 27.16739], [31.28336, 27.16225], [31.30167, 27.15453], [31.31518, 27.12253], [31.29235, 27.11096]]], [[[31.13678, 27.18272], [31.1533, 27.17679], [31.15219, 27.1716], [31.1423, 27.16701], [31.12209, 27.17125], [31.09976, 27.18636], [31.075, 27.18289], [31.03536, 27.1974], [31.01367, 27.22489], [31.02668, 27.24166], [31.03431, 27.24061], [31.03506, 27.23409], [31.04461, 27.23989], [31.04294, 27.25688], [31.0315, 27.26201], [31.04099, 27.27074], [31.05368, 27.26653], [31.06598, 27.27211], [31.10202, 27.27187], [31.12674, 27.25428], [31.11025, 27.211], [31.12036, 27.19838], [31.13065, 27.19956], [31.13678, 27.18272]]]]}}, {"type": "Feature", "properties": {"shapeID": "37247803B89417957828076", "shapeName": "Assuit City"}, "geometry": {"type": "Polygon", "coordinates": [[[31.28863, 27.2312], [31.26824, 27.25015], [31.26518, 27.26869], [31.28306, 27.2782], [31.29292, 27.26779], [31.29029, 27.25847], [31.30509, 27.24255], [31.28863, 27.2312]]]}}, {"type": "Feature", "properties": {"shapeID": "37247803B76296882951531", "shapeName": "Aswan"}, "geometry": {"type": "MultiPolygon", "coordinates": [[[[32.89382, 24.01599], [32.89498, 24.02818], [32.90223, 24.03373], [32.88773, 24.02874], [32.88274, 24.03845], [32.86859, 24.03418], [32.86522, 24.04748], [32.87663, 24.0558], [32.88381, 24.07961], [32.90503, 24.10677], [32.9129, 24.08296], [32.92, 24.08237], [32.92675, 24.07088], [32.9193, 24.04006], [32.89843, 24.0213], [32.90058, 24.01675], [32.89382, 24.01599]]], [[[32.87287, 23.99918], [32.86413, 23.99477], [32.87265, 23.99193], [32.86658, 23.99096], [32.86297, 23.98871], [32.87357, 23.99107], [32.87693, 23.97709], [32.87018, 23.95995], [32.85642, 23.97386], [32.8595, 23.99057], [32.85355, 24.004], [32.86025, 24.02005], [32.85743, 24.03154], [32.86559, 24.03402], [32.87287, 23.99918]]]]}}, {"type": "Feature", "properties": {"shapeID": "37247803B17658865613215", "shapeName": "Aswan"}, "geometry": {"type": "MultiPolygon", "coordinates": [[[[33.04641, 23.86602], [33.017, 23.86976], [33.02106, 23.88188], [33.0454, 23.88467], [33.04641, 23.86602]]], [[[32.8999, 24.10676], [32.88002, 24.15748], [32.86924, 24.19848], [32.8731, 24.23248], [32.89042, 24.2697], [32.90831, 24.28923], [32.91418, 24.34164], [32.92229, 24.34019], [32.9217, 24.30696], [32.88529, 24.22785], [32.88663, 24.1843], [32.87852, 24.17657], [32.89718, 24.14349], [32.90503, 24.10677], [32.8999, 24.10676]]], [[[32.91242, 24.00802], [32.91308, 23.99249], [32.91831, 23.99106], [32.91485, 23.97725], [32.88711, 23.97157], [32.87867, 23.99473], [32.89382, 24.01599], [32.91242, 24.00802]]], [[[32.85743, 24.03154], [32.84892, 24.0636], [32.85012, 24.09115], [32.87161, 24.11788], [32.85326, 24.17908], [32.84686, 24.24965], [32.8706, 24.27507], [32.87782, 24.29771], [32.89404, 24.31649], [32.90743, 24.31816], [32.90382, 24.28867], [32.89044, 24.27722], [32.88256, 24.25612], [32.86531, 24.23657], [32.86275, 24.22988], [32.86381, 24.2202], [32.86337, 24.23114], [32.87173, 24.24127], [32.86283, 24.2114], [32.86593, 24.18163], [32.89489, 24.10686], [32.86717, 24.07117], [32.86559, 24.03402], [32.85743, 24.03154]]], [[[32.86711, 24.18857], [32.87115, 24.17994], [32.87179, 24.16965], [32.86711, 24.18857]]], [[[32.83243, 23.95692], [32.81579, 23.96146], [32.80873, 23.96736], [32.80969, 23.9761], [32.82738, 23.98468], [32.85403, 23.98657], [32.85176, 23.96659], [32.83243, 23.95692]]], [[[32.7566, 23.90309], [32.74418, 23.9149], [32.77893, 23.94036], [32.79469, 23.92154], [32.7566, 23.90309]]]]}}, {"type": "Feature", "properties": {"shapeID": "37247803B88895964793077", "shapeName": "Aswan City"}, "geometry": {"type": "Polygon", "coordinates": [[[32.95925, 24.03793], [32.96694, 24.09836], [32.99355, 24.09836], [33.00615, 24.05529], [32.99845, 24.03858], [32.95925, 24.03793]]]}}, {"type": "Feature", "properties": {"shapeID": "37247803B89602955599025", "shapeName": "Ataqa"}, "geometry": {"type": "Polygon", "coordinates": [[[32.47454, 29.94525], [32.48547, 29.93456], [32.47247, 29.89376], [32.47896, 29.89209], [32.4851, 29.86967], [32.4935, 29.87624], [32.50004, 29.86569], [32.518, 29.86931], [32.51758, 29.86099], [32.47735, 29.81068], [32.42802, 29.77686], [32.36865, 29.68132], [32.36462, 29.66587], [32.37022, 29.64847], [32.34982, 29.6066], [32.38258, 29.53058], [32.44905, 29.48722], [32.48402, 29.44944], [32.50192, 29.4407], [32.50693, 29.42918], [32.56859, 29.38889], [32.59996, 29.34042], [32.60904, 29.28088], [32.63058, 29.24891], [32.6291, 29.20828], [32.64851, 29.16875], [32.50834, 29.12156], [32.41419, 29.06703], [32.37689, 29.06553], [32.15926, 28.99878], [31.96388, 28.97638], [31.8346, 28.99368], [31.90697, 29.8706], [31.8996, 30.04717], [31.88756, 30.09215], [31.99188, 30.08454], [32.10254, 30.06298], [32.17466, 30.06602], [32.2112, 30.08428], [32.25864, 30.09669], [32.32824, 30.08739], [32.42095, 30.05276], [32.48548, 30.01356], [32.47522, 29.9619], [32.49675, 29.96498], [32.47454, 29.94525]]]}}, {"type": "Feature", "properties": {"shapeID": "37247803B7335021436895", "shapeName": "Atfeh"}, "geometry": {"type": "MultiPolygon", "coordinates": [[[[31.28624, 29.44563], [31.29253, 29.43506], [31.27702, 29.40674], [31.30029, 29.39929], [31.27434, 29.38629], [31.27728, 29.36212], [31.28528, 29.35536], [31.28193, 29.33118], [31.23705, 29.30618], [31.23806, 29.25873], [31.247, 29.25219], [31.20878, 29.19595], [31.20225, 29.20271], [31.23073, 29.24543], [31.21656, 29.29146], [31.22161, 29.31056], [31.21641, 29.34463], [31.23989, 29.38442], [31.21341, 29.44186], [31.23822, 29.45714], [31.2548, 29.48941], [31.26775, 29.48684], [31.27306, 29.46865], [31.28758, 29.47315], [31.28624, 29.44563]]], [[[31.21296, 29.24606], [31.22136, 29.25938], [31.22574, 29.25071], [31.21602, 29.23343], [31.21296, 29.24606]]], [[[31.20674, 29.43475], [31.20912, 29.43956], [31.21476, 29.42661], [31.20674, 29.43475]]]]}}, {"type": "Feature", "properties": {"shapeID": "37247803B59509070430414", "shapeName": "Atsa"}, "geometry": {"type": "Polygon", "coordinates": [[[30.67756, 29.2695], [30.69673, 29.27146], [30.68288, 29.29424], [30.70548, 29.30915], [30.73778, 29.31638], [30.72459, 29.29319], [30.73608, 29.2894], [30.74485, 29.30091], [30.74944, 29.29829], [30.7449, 29.28667], [30.77401, 29.28386], [30.78744, 29.29091], [30.78473, 29.27958], [30.79511, 29.27047], [30.80722, 29.27771], [30.80576, 29.26779], [30.82424, 29.26176], [30.82921, 29.24804], [30.82076, 29.24182], [30.82761, 29.24179], [30.82574, 29.23577], [30.8413, 29.24219], [30.84364, 29.24984], [30.8563, 29.25039], [30.86528, 29.18912], [30.83959, 29.11401], [30.72993, 29.11514], [30.70453, 29.09877], [30.61732, 29.10691], [30.59917, 29.11317], [30.59778, 29.12721], [30.56408, 29.13328], [30.56748, 29.16531], [30.55508, 29.16562], [30.54997, 29.17441], [30.5647, 29.1751], [30.56991, 29.21431], [30.65354, 29.19322], [30.67327, 29.20048], [30.67182, 29.21008], [30.65648, 29.21788], [30.64765, 29.24012], [30.63616, 29.2484], [30.6538, 29.25087], [30.65235, 29.27333], [30.66461, 29.28746], [30.67756, 29.2695]]]}}, {"type": "Feature", "properties": {"shapeID": "37247803B16391777329697", "shapeName": "Auseem"}, "geometry": {"type": "MultiPolygon", "coordinates": [[[[31.18308, 30.11516], [31.19058, 30.10428], [31.13549, 30.08955], [31.13631, 30.09771], [31.11853, 30.1057], [31.09924, 30.12927], [31.09615, 30.15167], [31.1136, 30.15081], [31.11956, 30.15871], [31.13052, 30.15987], [31.12282, 30.16732], [31.12823, 30.17444], [31.13538, 30.16246], [31.14153, 30.15734], [31.18442, 30.13271], [31.18308, 30.11516]]], [[[31.15711, 30.06767], [31.14882, 30.08857], [31.1737, 30.08771], [31.16999, 30.06428], [31.15711, 30.06767]]], [[[31.1416, 30.17012], [31.15633, 30.15295], [31.13953, 30.16022], [31.12937, 30.17556], [31.1416, 30.17012]]]]}}, {"type": "Feature", "properties": {"shapeID": "37247803B9128423140503", "shapeName": "Awlad Saqr"}, "geometry": {"type": "Polygon", "coordinates": [[[31.8644, 31.05552], [31.88711, 31.04907], [31.88394, 31.02249], [31.87452, 30.97317], [31.82613, 30.92822], [31.83397, 30.90152], [31.82677, 30.88413], [31.78533, 30.86241], [31.77128, 30.8752], [31.76922, 30.8651], [31.7568, 30.86278], [31.73325, 30.87636], [31.71509, 30.87416], [31.7132, 30.88225], [31.72007, 30.88756], [31.71525, 30.8934], [31.7106, 30.8862], [31.70129, 30.89069], [31.69024, 30.88039], [31.68194, 30.9071], [31.66781, 30.92082], [31.68922, 30.94048], [31.67872, 30.96152], [31.70535, 30.99354], [31.7366, 31.01584], [31.74594, 31.04224], [31.7793, 31.06527], [31.83703, 31.07597], [31.85549, 31.07103], [31.8644, 31.05552]]]}}, {"type": "Feature", "properties": {"shapeID": "37247803B7250727301439", "shapeName": "Ayat"}, "geometry": {"type": "Polygon", "coordinates": [[[31.20172, 29.40186], [31.19259, 29.42036], [31.17374, 29.4365], [31.17431, 29.44854], [31.18175, 29.45037], [31.18924, 29.46933], [31.19722, 29.47117], [31.20526, 29.4943], [31.21529, 29.49427], [31.22218, 29.50459], [31.21366, 29.51057], [31.21522, 29.5211], [31.20847, 29.52664], [31.21381, 29.5612], [31.22671, 29.56862], [31.22152, 29.57324], [31.22685, 29.579], [31.22389, 29.6326], [31.21163, 29.64987], [31.22283, 29.65818], [31.23735, 29.70027], [31.22681, 29.72467], [31.2443, 29.72903], [31.26511, 29.72641], [31.26692, 29.7116], [31.30034, 29.66851], [31.27147, 29.63449], [31.26214, 29.60316], [31.28144, 29.54656], [31.25659, 29.51403], [31.23984, 29.46716], [31.20432, 29.43605], [31.22824, 29.39968], [31.20172, 29.40186]]]}}, {"type": "Feature", "properties": {"shapeID": "37247803B36275264085145", "shapeName": "Bab Al-Shariyya"}, "geometry": {"type": "Polygon", "coordinates": [[[31.25732, 30.06307], [31.26853, 30.06233], [31.26341, 30.05462], [31.25146, 30.05594], [31.25732, 30.06307]]]}}, {"type": "Feature", "properties": {"shapeID": "37247803B50327552497363", "shapeName": "Bab Sharqi"}, "geometry": {"type": "Polygon", "coordinates": [[[29.90392, 31.21307], [29.91153, 31.21056], [29.9314, 31.22144], [29.9349, 31.20359], [29.95419, 31.19778], [29.93901, 31.1887], [29.92605, 31.20024], [29.91386, 31.1961], [29.90392, 31.21307]]]}}, {"type": "Feature", "properties": {"shapeID": "37247803B98610862498628", "shapeName": "Badr"}, "geometry": {"type": "Polygon", "coordinates": [[[31.65415, 30.11361], [31.64176, 30.15827], [31.61719, 30.1851], [31.73473, 30.16603], [31.7608, 30.17105], [31.76808, 30.10649], [31.65415, 30.11361]]]}}, {"type": "Feature", "properties": {"shapeID": "37247803B14038420995681", "shapeName": "Badr"}, "geometry": {"type": "Polygon", "coordinates": [[[30.41115, 30.71147], [30.4563, 30.70275], [30.49752, 30.71141], [30.53292, 30.71122], [30.64723, 30.66747], [30.6876, 30.66044], [30.65461, 30.69911], [30.65656, 30.70592], [30.66058, 30.69598], [30.69649, 30.69491], [30.71349, 30.68066], [30.72759, 30.68352], [30.74609, 30.67359], [30.75648, 30.64985], [30.77086, 30.63514], [30.75533, 30.62573], [30.77714, 30.62711], [30.75383, 30.58079], [30.76689, 30.54333], [30.80029, 30.5226], [30.80363, 30.49361], [30.80993, 30.49761], [30.81933, 30.48109], [30.80082, 30.47125], [30.79619, 30.45791], [30.80866, 30.43961], [30.79704, 30.43031], [30.7278, 30.43332], [30.69518, 30.38232], [30.62678, 30.4126], [30.66639, 30.46853], [30.59882, 30.54327], [30.53064, 30.57303], [30.35379, 30.59987], [30.41115, 30.71147]]]}}, {"type": "Feature", "properties": {"shapeID": "37247803B45225516611894", "shapeName": "Badrashain"}, "geometry": {"type": "Polygon", "coordinates": [[[31.22681, 29.72467], [31.22142, 29.77552], [31.2284, 29.80243], [31.22393, 29.80923], [31.20318, 29.8116], [31.22715, 29.81868], [31.22243, 29.83994], [31.21181, 29.84667], [31.22225, 29.86534], [31.2111, 29.87531], [31.20824, 29.89587], [31.19813, 29.89844], [31.18566, 29.91347], [31.19147, 29.92316], [31.21062, 29.91673], [31.23938, 29.88664], [31.26438, 29.88068], [31.26381, 29.87029], [31.27073, 29.87166], [31.27309, 29.88561], [31.28181, 29.88341], [31.29185, 29.85956], [31.29053, 29.83396], [31.28349, 29.8603], [31.29311, 29.79582], [31.28553, 29.76426], [31.26694, 29.74614], [31.26511, 29.72641], [31.22681, 29.72467]]]}}, {"type": "Feature", "properties": {"shapeID": "37247803B96885043093668", "shapeName": "Bahariya Oasis"}, "geometry": {"type": "MultiPolygon", "coordinates": [[[[29.14428, 28.42702], [29.13399, 28.4529], [29.16016, 28.46191], [29.17191, 28.43882], [29.14428, 28.42702]]], [[[29.12655, 28.48576], [29.11012, 28.50871], [29.13927, 28.52194], [29.14485, 28.4973], [29.12655, 28.48576]]], [[[29.05735, 28.58636], [29.02988, 28.61439], [29.06211, 28.62431], [29.11094, 28.61077], [29.05735, 28.58636]]], [[[28.94665, 28.33725], [28.93482, 28.36169], [28.9609, 28.37211], [28.97267, 28.34904], [28.94665, 28.33725]]], [[[28.88194, 28.43705], [28.82409, 28.42627], [28.78889, 28.40441], [28.76339, 28.41995], [28.71538, 28.40603], [28.72531, 28.44881], [28.77323, 28.44502], [28.8236, 28.47155], [28.83391, 28.45545], [28.85985, 28.46513], [28.85932, 28.49353], [28.89716, 28.48937], [28.88194, 28.43705]]], [[[28.81354, 28.52153], [28.79949, 28.54891], [28.82516, 28.55918], [28.84142, 28.53269], [28.81354, 28.52153]]], [[[28.74893, 28.38058], [28.74275, 28.39442], [28.76226, 28.40123], [28.76841, 28.38738], [28.74893, 28.38058]]], [[[28.76014, 28.35829], [28.74704, 28.36691], [28.75958, 28.37238], [28.76685, 28.36583], [28.76014, 28.35829]]], [[[28.71184, 28.05734], [28.69695, 28.08029], [28.72604, 28.09084], [28.74386, 28.07211], [28.71184, 28.05734]]], [[[28.68356, 28.30719], [28.66678, 28.33279], [28.69111, 28.34597], [28.70857, 28.32073], [28.68356, 28.30719]]], [[[28.67298, 28.17458], [28.66266, 28.19904], [28.67952, 28.20509], [28.70181, 28.19201], [28.67298, 28.17458]]], [[[28.60083, 28.11443], [28.59056, 28.13752], [28.61816, 28.14667], [28.62986, 28.12638], [28.60083, 28.11443]]], [[[28.51821, 28.15858], [28.50488, 28.18018], [28.53386, 28.19352], [28.54414, 28.17045], [28.51821, 28.15858]]]]}}, {"type": "Feature", "properties": {"shapeID": "37247803B4989882956634", "shapeName": "Banha"}, "geometry": {"type": "Polygon", "coordinates": [[[31.17885, 30.45556], [31.18109, 30.48154], [31.20378, 30.48973], [31.1987, 30.48045], [31.2074, 30.47457], [31.20187, 30.46537], [31.21136, 30.46245], [31.20005, 30.44276], [31.16717, 30.4493], [31.17885, 30.45556]]]}}, {"type": "Feature", "properties": {"shapeID": "37247803B8473784659060", "shapeName": "Banha"}, "geometry": {"type": "MultiPolygon", "coordinates": [[[[31.20005, 30.44276], [31.21136, 30.46245], [31.20187, 30.46537], [31.2074, 30.47457], [31.1987, 30.48045], [31.20378, 30.48973], [31.19302, 30.48272], [31.18451, 30.4852], [31.22398, 30.51143], [31.23498, 30.50904], [31.24581, 30.51554], [31.25421, 30.49906], [31.26922, 30.49357], [31.27479, 30.46657], [31.26623, 30.45956], [31.26935, 30.4524], [31.29512, 30.4455], [31.30531, 30.43597], [31.29699, 30.42836], [31.31035, 30.41034], [31.3056, 30.39882], [31.30064, 30.41282], [31.27584, 30.41353], [31.26329, 30.40292], [31.2458, 30.40581], [31.21725, 30.3956], [31.18855, 30.40037], [31.17965, 30.38683], [31.16826, 30.39619], [31.17488, 30.4145], [31.16732, 30.41863], [31.15246, 30.39637], [31.14002, 30.39349], [31.13905, 30.37324], [31.11766, 30.37065], [31.10454, 30.37863], [31.11437, 30.39571], [31.09826, 30.41143], [31.09787, 30.42101], [31.11204, 30.41745], [31.11953, 30.39857], [31.12959, 30.39602], [31.13751, 30.41699], [31.12874, 30.43892], [31.16717, 30.4493], [31.20005, 30.44276]]], [[[31.13008, 30.4607], [31.14473, 30.46666], [31.14845, 30.48688], [31.17459, 30.49842], [31.17534, 30.51467], [31.18774, 30.51206], [31.18091, 30.52834], [31.19508, 30.53539], [31.20904, 30.53265], [31.22501, 30.5191], [31.18273, 30.48766], [31.17368, 30.45523], [31.13714, 30.44453], [31.13008, 30.4607]]]]}}, {"type": "Feature", "properties": {"shapeID": "37247803B61298803193986", "shapeName": "Bani Swayf"}, "geometry": {"type": "Polygon", "coordinates": [[[31.08203, 29.04634], [31.07076, 29.06441], [31.0794, 29.08022], [31.0777, 29.09278], [31.08915, 29.10741], [31.10916, 29.10211], [31.10469, 29.08042], [31.13099, 29.08271], [31.08203, 29.04634]]]}}, {"type": "Feature", "properties": {"shapeID": "37247803B71974120040815", "shapeName": "Bani Swayf"}, "geometry": {"type": "MultiPolygon", "coordinates": [[[[31.13795, 29.07137], [31.14829, 29.07461], [31.16031, 29.06559], [31.15742, 29.04098], [31.08335, 29.00351], [31.07465, 29.01872], [31.10779, 29.04077], [31.06706, 29.02667], [31.12971, 29.0719], [31.15401, 29.11396], [31.16104, 29.11126], [31.13795, 29.07137]]], [[[31.00301, 29.06539], [30.99491, 29.08368], [31.00437, 29.1078], [31.01991, 29.12557], [31.01037, 29.13186], [31.00875, 29.15486], [30.9795, 29.15681], [30.97477, 29.16502], [30.98162, 29.16882], [30.9809, 29.1805], [30.99036, 29.18065], [30.99617, 29.17123], [31.01061, 29.17762], [31.02275, 29.16493], [31.0438, 29.157], [31.05647, 29.1649], [31.05001, 29.17277], [31.05888, 29.17968], [31.07382, 29.16611], [31.06602, 29.13471], [31.081, 29.11402], [31.09063, 29.14643], [31.10324, 29.14234], [31.09852, 29.13643], [31.1035, 29.1316], [31.11565, 29.13211], [31.11942, 29.1202], [31.1327, 29.13116], [31.13472, 29.11953], [31.14861, 29.11487], [31.13099, 29.08271], [31.10469, 29.08042], [31.10916, 29.10211], [31.08915, 29.10741], [31.07031, 29.06839], [31.08203, 29.04634], [31.05797, 29.02912], [31.03139, 29.0275], [31.02058, 29.01564], [31.00878, 29.01544], [31.0052, 29.0338], [30.99316, 29.0428], [31.00301, 29.06539]]]]}}, {"type": "Feature", "properties": {"shapeID": "37247803B55078919918818", "shapeName": "Bani Swayf City"}, "geometry": {"type": "Polygon", "coordinates": [[[31.15742, 29.04098], [31.16031, 29.06559], [31.14829, 29.07461], [31.13795, 29.07137], [31.15061, 29.09144], [31.25855, 29.00139], [31.18493, 28.93378], [31.06007, 28.87797], [31.019, 28.91611], [31.1125, 29.01551], [31.15742, 29.04098]]]}}, {"type": "Feature", "properties": {"shapeID": "37247803B85878422276791", "shapeName": "Bany Abeed"}, "geometry": {"type": "Polygon", "coordinates": [[[31.7793, 31.06527], [31.74594, 31.04224], [31.7366, 31.01584], [31.70535, 30.99354], [31.68614, 30.97103], [31.65748, 30.96961], [31.65164, 30.98168], [31.60274, 30.99705], [31.59792, 31.03708], [31.59005, 31.04195], [31.58945, 31.05086], [31.61202, 31.05584], [31.61868, 31.04754], [31.616, 31.06164], [31.62942, 31.06255], [31.64646, 31.07476], [31.65985, 31.07086], [31.66543, 31.07905], [31.67051, 31.0718], [31.6598, 31.06262], [31.67869, 31.05524], [31.68296, 31.04387], [31.70305, 31.04025], [31.69781, 31.02211], [31.71133, 31.03447], [31.7063, 31.04904], [31.74586, 31.0522], [31.74149, 31.06632], [31.7592, 31.07014], [31.76351, 31.05649], [31.77902, 31.07316], [31.8055, 31.06877], [31.7793, 31.06527]]]}}, {"type": "Feature", "properties": {"shapeID": "37247803B92056872151518", "shapeName": "Basatin"}, "geometry": {"type": "MultiPolygon", "coordinates": [[[[31.36232, 29.97989], [31.37442, 29.97215], [31.3222, 29.97011], [31.29167, 29.96167], [31.27082, 29.9727], [31.25725, 29.96263], [31.24578, 29.97853], [31.24901, 29.96765], [31.24442, 29.96506], [31.23315, 29.98742], [31.25104, 29.98939], [31.25858, 29.99704], [31.36232, 29.97989]]], [[[31.23546, 29.97073], [31.24127, 29.96299], [31.23698, 29.9662], [31.23546, 29.97073]]], [[[31.2305, 29.99481], [31.23159, 29.98082], [31.22841, 29.98917], [31.2305, 29.99481]]]]}}, {"type": "Feature", "properties": {"shapeID": "37247803B14729269607977", "shapeName": "Basyun"}, "geometry": {"type": "MultiPolygon", "coordinates": [[[[30.77767, 30.90864], [30.78396, 30.89091], [30.78047, 30.89], [30.76624, 30.89732], [30.77767, 30.90864]]], [[[30.7875, 30.93117], [30.74936, 30.96615], [30.76482, 30.98946], [30.75435, 31.00583], [30.7411, 31.01142], [30.75775, 31.02489], [30.76559, 31.0439], [30.77199, 31.0398], [30.78626, 31.0439], [30.80001, 31.01413], [30.82205, 31.01954], [30.84673, 31.0164], [30.85457, 31.01085], [30.84542, 31.00083], [30.85053, 30.99393], [30.88577, 30.9865], [30.88519, 30.96491], [30.89863, 30.95983], [30.92651, 30.91566], [30.92165, 30.90947], [30.90499, 30.91181], [30.90604, 30.90078], [30.91492, 30.9019], [30.90899, 30.89595], [30.87538, 30.89442], [30.87348, 30.88615], [30.86219, 30.88618], [30.85169, 30.87563], [30.85359, 30.88757], [30.84421, 30.90574], [30.82431, 30.90531], [30.82483, 30.89268], [30.8106, 30.90419], [30.80758, 30.91626], [30.79851, 30.91524], [30.79446, 30.9056], [30.77767, 30.90864], [30.7875, 30.93117]]]]}}, {"type": "Feature", "properties": {"shapeID": "37247803B33717646792475", "shapeName": "Biba"}, "geometry": {"type": "MultiPolygon", "coordinates": [[[[30.93287, 28.86317], [30.95635, 28.88925], [30.99719, 28.90585], [31.00709, 28.93084], [31.02919, 28.95447], [31.03279, 28.96521], [31.04423, 28.9875], [31.06706, 29.02667], [31.06784, 29.01338], [31.05527, 29.00242], [31.0576, 28.99233], [31.05214, 28.98855], [31.06413, 28.98077], [31.043, 28.97949], [31.03595, 28.96984], [31.0347, 28.93955], [31.02607, 28.94066], [31.01027, 28.92986], [30.99656, 28.89628], [30.96035, 28.88242], [30.96551, 28.87658], [30.95562, 28.8751], [30.93379, 28.85459], [30.93287, 28.86317]]], [[[30.91828, 29.01137], [30.95053, 28.99936], [30.9528, 29.00554], [30.96389, 29.00635], [30.95997, 29.02379], [30.98481, 29.04358], [31.0052, 29.0338], [31.00878, 29.01544], [31.02058, 29.01564], [31.03139, 29.0275], [31.05797, 29.02912], [31.04329, 29.01204], [31.03867, 28.98274], [31.00213, 28.92964], [30.99819, 28.92899], [30.99257, 28.925], [30.95802, 28.89546], [30.93163, 28.88602], [30.92535, 28.86035], [30.91411, 28.8648], [30.91076, 28.86013], [30.91209, 28.87582], [30.90384, 28.88611], [30.89382, 28.885], [30.89466, 28.89239], [30.87766, 28.87979], [30.86735, 28.89099], [30.8781, 28.92894], [30.88854, 28.9276], [30.88402, 28.91492], [30.9142, 28.90135], [30.92176, 28.90394], [30.91947, 28.9254], [30.90168, 28.92906], [30.9191, 28.95303], [30.91076, 28.96701], [30.91401, 28.98856], [30.90067, 28.98126], [30.89193, 28.98355], [30.89945, 29.0012], [30.91828, 29.01137]]], [[[31.0025, 28.92839], [30.99183, 28.90639], [30.96085, 28.89633], [31.0025, 28.92839]]]]}}, {"type": "Feature", "properties": {"shapeID": "37247803B42171035160974", "shapeName": "Bilbis"}, "geometry": {"type": "Polygon", "coordinates": [[[31.5921, 30.48342], [31.61732, 30.47518], [31.62383, 30.46328], [31.63463, 30.46579], [31.65002, 30.45672], [31.67113, 30.43504], [31.66598, 30.43084], [31.66949, 30.42477], [31.63834, 30.41619], [31.65257, 30.37651], [31.63456, 30.36574], [31.63849, 30.34871], [31.58787, 30.30643], [31.5746, 30.31177], [31.55762, 30.36865], [31.47615, 30.34409], [31.43731, 30.34638], [31.41119, 30.33808], [31.41184, 30.34646], [31.40111, 30.34998], [31.41444, 30.36952], [31.40074, 30.37097], [31.39252, 30.38787], [31.41257, 30.39989], [31.4255, 30.41837], [31.41955, 30.44239], [31.40488, 30.43708], [31.41145, 30.45061], [31.40724, 30.46278], [31.42522, 30.46635], [31.43308, 30.47791], [31.46435, 30.45508], [31.47878, 30.45988], [31.48936, 30.47255], [31.48313, 30.49412], [31.4965, 30.51103], [31.50668, 30.48626], [31.52353, 30.4793], [31.53455, 30.49157], [31.54847, 30.49364], [31.57059, 30.47806], [31.5845, 30.48396], [31.58307, 30.4992], [31.59925, 30.49566], [31.5921, 30.48342]]]}}, {"type": "Feature", "properties": {"shapeID": "37247803B88078543557483", "shapeName": "Bilqas"}, "geometry": {"type": "Polygon", "coordinates": [[[31.47803, 31.46789], [31.53491, 31.4481], [31.53797, 31.4322], [31.55374, 31.43092], [31.52804, 31.407], [31.51116, 31.39983], [31.47879, 31.36515], [31.49695, 31.35459], [31.48654, 31.32939], [31.48643, 31.30673], [31.48044, 31.29305], [31.45829, 31.28978], [31.44953, 31.27439], [31.49051, 31.24903], [31.49243, 31.23631], [31.47776, 31.22647], [31.4797, 31.21753], [31.45436, 31.20398], [31.44854, 31.19068], [31.42113, 31.18946], [31.41991, 31.18157], [31.40845, 31.17821], [31.39821, 31.18584], [31.37568, 31.18015], [31.3572, 31.20327], [31.32682, 31.21513], [31.29953, 31.20397], [31.29438, 31.1961], [31.28752, 31.19609], [31.28139, 31.20884], [31.26207, 31.20681], [31.26121, 31.22159], [31.28222, 31.25547], [31.28199, 31.27221], [31.2519, 31.47517], [31.3201, 31.43784], [31.31768, 31.46367], [31.32431, 31.48078], [31.33929, 31.49482], [31.37041, 31.51029], [31.40473, 31.50664], [31.47803, 31.46789]]]}}, {"type": "Feature", "properties": {"shapeID": "37247803B3069705007202", "shapeName": "Bir Al-Abd"}, "geometry": {"type": "MultiPolygon", "coordinates": [[[[33.42732, 30.4816], [32.91904, 30.2704], [32.78085, 30.58661], [32.72548, 30.75386], [32.68646, 30.80948], [32.70289, 30.80985], [32.78084, 30.84813], [32.83216, 30.9791], [32.85435, 31.08363], [32.88635, 31.09303], [32.91268, 31.0755], [32.92871, 31.0798], [32.92152, 31.0827], [32.92862, 31.08899], [32.93891, 31.0909], [32.94355, 31.08698], [32.93407, 31.0853], [32.94593, 31.08284], [32.95185, 31.09154], [32.93785, 31.09331], [32.93722, 31.10089], [32.91506, 31.09925], [32.93032, 31.10792], [32.98346, 31.08901], [32.96752, 31.07737], [32.97493, 31.06632], [32.94771, 31.06493], [33.00806, 31.05195], [33.01493, 31.06375], [33.01784, 31.05937], [33.02509, 31.06726], [33.01474, 31.07694], [33.0091, 31.07077], [33.01331, 31.08361], [33.03057, 31.09203], [33.05446, 31.09261], [33.05144, 31.10066], [33.04583, 31.10011], [33.05164, 31.1119], [33.06342, 31.11736], [33.06094, 31.12632], [33.02257, 31.11467], [33.0247, 31.09182], [32.98351, 31.09854], [32.97321, 31.09376], [32.95072, 31.10532], [32.98236, 31.10692], [33.03085, 31.15963], [33.10812, 31.19324], [33.11744, 31.18941], [33.09161, 31.18138], [33.10375, 31.17914], [33.12765, 31.14046], [33.15148, 31.1323], [33.15988, 31.11332], [33.14401, 31.13269], [33.11573, 31.13582], [33.11434, 31.14696], [33.11229, 31.14019], [33.10496, 31.14126], [33.10395, 31.13071], [33.09553, 31.12845], [33.11308, 31.11815], [33.09556, 31.11308], [33.13383, 31.10898], [33.11394, 31.10805], [33.11148, 31.09991], [33.13675, 31.08854], [33.16343, 31.08737], [33.14175, 31.07795], [33.14767, 31.06725], [33.14046, 31.06568], [33.14737, 31.06243], [33.13033, 31.04898], [33.14549, 31.04304], [33.1402, 31.04801], [33.19044, 31.06151], [33.2207, 31.05904], [33.22052, 31.06903], [33.19823, 31.06812], [33.19827, 31.07329], [33.24469, 31.07313], [33.24502, 31.0799], [33.25688, 31.07879], [33.28436, 31.09389], [33.29158, 31.09522], [33.28963, 31.08594], [33.30902, 31.0764], [33.31294, 31.08257], [33.30246, 31.08895], [33.31674, 31.08932], [33.29867, 31.09782], [33.30725, 31.10212], [33.30932, 31.09545], [33.32202, 31.09778], [33.31906, 31.11008], [33.3072, 31.11199], [33.36554, 31.11355], [33.36906, 31.11904], [33.37125, 31.1111], [33.38075, 31.11333], [33.37797, 31.14342], [33.38501, 31.13924], [33.39408, 31.15226], [33.38689, 31.16826], [33.42046, 31.15998], [33.38642, 31.174], [33.37292, 31.17284], [33.3665, 31.18642], [33.31325, 31.20526], [33.17344, 31.23009], [33.10382, 31.22918], [33.08333, 31.22217], [33.09185, 31.21673], [33.08832, 31.20791], [33.05171, 31.20762], [33.00788, 31.18222], [32.95574, 31.16454], [33.09115, 31.23211], [33.15838, 31.23407], [33.21952, 31.22764], [33.3478, 31.19987], [33.41982, 31.17571], [33.46175, 31.15038], [33.48051, 31.13244], [33.43309, 31.16263], [33.43214, 31.15347], [33.43869, 31.15411], [33.4459, 31.14097], [33.44888, 31.14554], [33.47528, 31.12973], [33.54213, 31.11895], [33.49464, 31.02274], [33.45579, 30.92122], [33.45335, 30.60715], [33.42732, 30.4816]]], [[[32.86663, 31.1237], [32.9491, 31.16156], [32.86738, 31.11921], [32.85984, 31.10945], [32.86663, 31.1237]]], [[[32.8986, 31.09693], [32.91475, 31.09038], [32.9316, 31.09231], [32.91596, 31.08427], [32.8986, 31.09693]]], [[[32.88459, 31.10912], [32.89477, 31.11093], [32.89556, 31.10357], [32.88633, 31.10255], [32.88459, 31.10912]]]]}}, {"type": "Feature", "properties": {"shapeID": "37247803B30511282692114", "shapeName": "Birkat Al-Sab"}, "geometry": {"type": "Polygon", "coordinates": [[[31.19841, 30.64425], [31.19406, 30.63943], [31.18053, 30.64722], [31.18266, 30.63465], [31.17508, 30.62016], [31.17044, 30.632], [31.15378, 30.63678], [31.15087, 30.64501], [31.13528, 30.63495], [31.12385, 30.63661], [31.13982, 30.61323], [31.13142, 30.59527], [31.11199, 30.59713], [31.11283, 30.59091], [31.10466, 30.58674], [31.08215, 30.58579], [31.06352, 30.60131], [31.0718, 30.62277], [31.02366, 30.62204], [31.02628, 30.66589], [31.01285, 30.68668], [31.01468, 30.69284], [31.02134, 30.69222], [31.01954, 30.70192], [31.04945, 30.70532], [31.06099, 30.71639], [31.07097, 30.71517], [31.07441, 30.69253], [31.09412, 30.68246], [31.08565, 30.67374], [31.08843, 30.66645], [31.10002, 30.67383], [31.10361, 30.66795], [31.11577, 30.67183], [31.12531, 30.66562], [31.15391, 30.66941], [31.19841, 30.64425]]]}}, {"type": "Feature", "properties": {"shapeID": "37247803B81724678096325", "shapeName": "Biyalu"}, "geometry": {"type": "Polygon", "coordinates": [[[31.13325, 31.22864], [31.15215, 31.23824], [31.15838, 31.25566], [31.16936, 31.25522], [31.17409, 31.26529], [31.19009, 31.26939], [31.17996, 31.28118], [31.17954, 31.30452], [31.21188, 31.31056], [31.22952, 31.3309], [31.2137, 31.34216], [31.22096, 31.35435], [31.20443, 31.36622], [31.18656, 31.49909], [31.24732, 31.48004], [31.26349, 31.40986], [31.26759, 31.3419], [31.27841, 31.31687], [31.28199, 31.27221], [31.28222, 31.25547], [31.25934, 31.21268], [31.28855, 31.17514], [31.28745, 31.16807], [31.2805, 31.16401], [31.27022, 31.17158], [31.26988, 31.15387], [31.24123, 31.14541], [31.22149, 31.14556], [31.2152, 31.15543], [31.20113, 31.15235], [31.17286, 31.15981], [31.14761, 31.13925], [31.08691, 31.15195], [31.07837, 31.14771], [31.06236, 31.16316], [31.0851, 31.20097], [31.06921, 31.20514], [31.0722, 31.21954], [31.0658, 31.21746], [31.06094, 31.22673], [31.07432, 31.24009], [31.13325, 31.22864]]]}}, {"type": "Feature", "properties": {"shapeID": "37247803B29547542469056", "shapeName": "Bulaq"}, "geometry": {"type": "Polygon", "coordinates": [[[31.23278, 30.04963], [31.22905, 30.07445], [31.23537, 30.06799], [31.2441, 30.06357], [31.23278, 30.04963]]]}}, {"type": "Feature", "properties": {"shapeID": "37247803B34210539192827", "shapeName": "Bulaq Al-DakrUr"}, "geometry": {"type": "Polygon", "coordinates": [[[31.20654, 30.01645], [31.17997, 30.00717], [31.17376, 30.02587], [31.18092, 30.03187], [31.17861, 30.04056], [31.18349, 30.03915], [31.17816, 30.05247], [31.19382, 30.04782], [31.20654, 30.01645]]]}}, {"type": "Feature", "properties": {"shapeID": "37247803B42052057109088", "shapeName": "Burg al-Arab"}, "geometry": {"type": "Polygon", "coordinates": [[[29.51008, 30.74847], [29.47191, 30.79293], [29.39597, 30.85985], [29.37905, 30.89245], [29.49134, 30.93985], [29.56381, 30.97991], [29.56065, 30.98311], [29.66964, 31.05448], [29.68223, 31.03071], [29.6344, 31.0012], [29.63725, 30.93303], [29.60715, 30.91925], [29.60023, 30.91007], [29.58862, 30.90999], [29.58245, 30.8955], [29.56455, 30.88524], [29.5466, 30.88633], [29.52195, 30.87712], [29.51814, 30.8638], [29.52222, 30.83566], [29.53272, 30.82829], [29.58736, 30.83519], [29.63728, 30.86132], [29.63926, 30.84079], [29.71759, 30.7693], [29.51008, 30.74847]]]}}, {"type": "Feature", "properties": {"shapeID": "37247803B47778858868079", "shapeName": "Burg Al-Arab City"}, "geometry": {"type": "Polygon", "coordinates": [[[29.69815, 30.96974], [29.75451, 30.96627], [29.63942, 30.88299], [29.63728, 30.86132], [29.58736, 30.83519], [29.53272, 30.82829], [29.52439, 30.83219], [29.51814, 30.8638], [29.52195, 30.87712], [29.5466, 30.88633], [29.56455, 30.88524], [29.58245, 30.8955], [29.58862, 30.90999], [29.60023, 30.91007], [29.60715, 30.91925], [29.69815, 30.96974]]]}}, {"type": "Feature", "properties": {"shapeID": "37247803B81519659380298", "shapeName": "Burullus"}, "geometry": {"type": "Polygon", "coordinates": [[[31.15717, 31.53661], [31.12242, 31.54409], [31.09458, 31.53961], [31.10207, 31.55002], [31.02446, 31.57573], [31.04476, 31.58796], [31.03062, 31.60454], [31.08164, 31.60642], [31.21049, 31.58359], [31.35795, 31.53404], [31.40473, 31.50664], [31.37041, 31.51029], [31.33929, 31.49482], [31.32431, 31.48078], [31.31768, 31.46367], [31.3201, 31.43784], [31.24732, 31.48004], [31.18799, 31.49956], [31.15717, 31.53661]]]}}, {"type": "Feature", "properties": {"shapeID": "37247803B11415934472050", "shapeName": "Daba"}, "geometry": {"type": "Polygon", "coordinates": [[[28.44957, 30.50094], [28.60122, 30.17513], [28.76147, 28.75152], [27.83086, 28.57875], [27.77294, 30.51363], [27.81839, 30.91323], [27.80202, 30.98308], [27.81793, 31.03797], [27.88069, 31.17486], [27.88896, 31.16475], [27.88642, 31.1349], [27.89576, 31.10922], [27.93544, 31.08971], [28.04816, 31.07936], [28.15907, 31.08566], [28.2038, 31.0681], [28.31907, 31.06327], [28.42052, 31.08602], [28.46772, 31.06896], [28.46564, 31.06172], [28.47715, 31.05616], [28.52308, 31.04573], [28.55094, 31.04701], [28.56153, 31.03811], [28.58488, 31.03351], [28.59619, 31.01498], [28.64218, 31.00053], [28.61855, 30.89714], [28.56607, 30.82305], [28.48358, 30.74131], [28.46031, 30.69668], [28.47769, 30.56854], [28.44957, 30.50094]]]}}, {"type": "Feature", "properties": {"shapeID": "37247803B99399074441335", "shapeName": "Dahab"}, "geometry": {"type": "Polygon", "coordinates": [[[34.35355, 28.6298], [34.2902, 28.68964], [34.27234, 28.72751], [34.29173, 28.81347], [34.33707, 28.9174], [34.45216, 28.89166], [34.47981, 28.8931], [34.64584, 28.93966], [34.65106, 28.93005], [34.64544, 28.92383], [34.65081, 28.86542], [34.62992, 28.8527], [34.62236, 28.83492], [34.62866, 28.77052], [34.62303, 28.75122], [34.6298, 28.73308], [34.57902, 28.65472], [34.58142, 28.63895], [34.57316, 28.63576], [34.57672, 28.6256], [34.55603, 28.61332], [34.54772, 28.58326], [34.52149, 28.55373], [34.51623, 28.52638], [34.35355, 28.6298]]]}}, {"type": "Feature", "properties": {"shapeID": "37247803B7643312094608", "shapeName": "Damanhur"}, "geometry": {"type": "Polygon", "coordinates": [[[30.44636, 31.01981], [30.44174, 31.02482], [30.44673, 31.05126], [30.44211, 31.07057], [30.4485, 31.07922], [30.46963, 31.05383], [30.48507, 31.04494], [30.48607, 31.0358], [30.47216, 31.02432], [30.44636, 31.01981]]]}}, {"type": "Feature", "properties": {"shapeID": "37247803B72315750145926", "shapeName": "Damanhur"}, "geometry": {"type": "Polygon", "coordinates": [[[30.31314, 31.00873], [30.35435, 31.00711], [30.34982, 31.02039], [30.375, 31.03224], [30.37791, 31.0467], [30.39625, 31.04992], [30.39346, 31.06094], [30.40731, 31.06534], [30.38961, 31.09333], [30.39129, 31.10607], [30.40102, 31.10578], [30.38489, 31.11753], [30.38539, 31.12386], [30.39374, 31.11974], [30.39888, 31.12577], [30.42184, 31.11248], [30.48811, 31.14014], [30.4969, 31.13371], [30.51511, 31.15235], [30.52147, 31.14106], [30.49645, 31.1252], [30.5132, 31.10305], [30.50551, 31.09263], [30.52893, 31.06746], [30.51908, 31.06037], [30.52383, 31.05005], [30.54213, 31.05585], [30.55501, 31.08609], [30.57109, 31.08412], [30.57109, 31.10143], [30.5888, 31.09142], [30.57281, 31.07848], [30.56568, 31.04789], [30.57359, 31.02487], [30.59239, 31.01793], [30.60349, 30.99689], [30.58776, 30.99832], [30.57505, 30.97265], [30.55454, 30.97625], [30.56427, 30.96017], [30.5182, 30.95424], [30.51088, 30.95959], [30.49489, 30.95209], [30.49686, 30.93363], [30.47782, 30.93334], [30.46688, 30.95104], [30.45077, 30.94785], [30.4332, 30.95303], [30.42327, 30.94954], [30.41963, 30.93193], [30.42562, 30.92104], [30.41984, 30.91313], [30.40171, 30.91056], [30.38877, 30.92518], [30.3327, 30.91563], [30.32816, 30.98421], [30.32237, 30.98345], [30.31784, 30.99328], [30.29968, 30.99484], [30.31314, 31.00873]], [[30.48607, 31.0358], [30.48507, 31.04494], [30.46963, 31.05383], [30.4485, 31.07922], [30.44211, 31.07057], [30.44673, 31.05126], [30.44174, 31.02482], [30.44636, 31.01981], [30.47216, 31.02432], [30.48607, 31.0358]]]}}, {"type": "Feature", "properties": {"shapeID": "37247803B4319107870519", "shapeName": "Dar al-Salam"}, "geometry": {"type": "Polygon", "coordinates": [[[31.83331, 26.43646], [31.87259, 26.39069], [31.89702, 26.37098], [31.9197, 26.36322], [31.936, 26.34456], [31.9942, 26.33474], [32.02004, 26.31316], [32.05552, 26.30924], [32.08291, 26.27017], [32.10153, 26.26383], [32.13834, 26.23604], [32.17044, 26.14961], [32.22146, 26.11546], [32.21788, 26.11193], [32.17116, 26.14085], [32.15075, 26.1443], [32.14683, 26.17553], [32.12006, 26.20895], [32.08944, 26.20527], [32.04877, 26.17667], [32.02511, 26.17667], [32.01596, 26.19496], [32.0149, 26.23131], [32.00556, 26.28132], [31.99842, 26.28968], [32.00254, 26.28978], [31.90175, 26.35325], [31.82545, 26.42991], [31.83331, 26.43646]]]}}, {"type": "Feature", "properties": {"shapeID": "37247803B19070372883194", "shapeName": "Daraw"}, "geometry": {"type": "MultiPolygon", "coordinates": [[[[33.01013, 24.30608], [32.9936, 24.30825], [32.98061, 24.32988], [33.00305, 24.34178], [33.02194, 24.32122], [33.01013, 24.30608]]], [[[32.91418, 24.34164], [32.91166, 24.40569], [32.91448, 24.42539], [32.91704, 24.42065], [32.92774, 24.44916], [32.92464, 24.45728], [32.91239, 24.46338], [32.92743, 24.47487], [32.93964, 24.46446], [32.93683, 24.43274], [32.92055, 24.41743], [32.92522, 24.38169], [32.91682, 24.37297], [32.92229, 24.34019], [32.91418, 24.34164]]], [[[32.8852, 24.46148], [32.91809, 24.45939], [32.92498, 24.44666], [32.91965, 24.44049], [32.90756, 24.45386], [32.89828, 24.45578], [32.88283, 24.45191], [32.8852, 24.46148]]], [[[32.89404, 24.31649], [32.88832, 24.39958], [32.87181, 24.43735], [32.86579, 24.47476], [32.87057, 24.47575], [32.88203, 24.44941], [32.90281, 24.45427], [32.91234, 24.44415], [32.90109, 24.36593], [32.90743, 24.31816], [32.89404, 24.31649]]]]}}, {"type": "Feature", "properties": {"shapeID": "37247803B43857760448777", "shapeName": "Dayrut"}, "geometry": {"type": "MultiPolygon", "coordinates": [[[[30.84736, 27.56001], [30.85753, 27.57311], [30.86016, 27.60554], [30.87694, 27.60768], [30.86188, 27.58288], [30.85688, 27.53626], [30.84736, 27.56001]]], [[[30.84063, 27.46773], [30.82137, 27.47765], [30.81333, 27.47355], [30.81027, 27.4811], [30.80071, 27.47734], [30.81257, 27.45743], [30.80606, 27.45641], [30.81142, 27.44612], [30.78617, 27.45198], [30.78579, 27.46844], [30.76207, 27.47224], [30.74599, 27.48563], [30.74217, 27.47465], [30.72328, 27.46536], [30.73029, 27.49421], [30.72684, 27.50724], [30.71342, 27.52612], [30.71341, 27.54464], [30.69805, 27.5786], [30.67609, 27.60762], [30.71217, 27.61026], [30.71061, 27.60103], [30.73094, 27.60222], [30.72739, 27.62795], [30.73258, 27.62965], [30.75618, 27.60975], [30.76024, 27.61628], [30.77302, 27.61092], [30.79074, 27.59332], [30.80269, 27.59913], [30.82983, 27.59071], [30.83465, 27.61029], [30.84933, 27.60974], [30.85659, 27.5942], [30.84159, 27.55796], [30.868, 27.50671], [30.84063, 27.46773]]]]}}, {"type": "Feature", "properties": {"shapeID": "37247803B48136170412055", "shapeName": "Dikirnis"}, "geometry": {"type": "Polygon", "coordinates": [[[31.83703, 31.07597], [31.8055, 31.06877], [31.78258, 31.07415], [31.76351, 31.05649], [31.7592, 31.07014], [31.74149, 31.06632], [31.74586, 31.0522], [31.7063, 31.04904], [31.71133, 31.03447], [31.69781, 31.02211], [31.7007, 31.04302], [31.68296, 31.04387], [31.67869, 31.05524], [31.6598, 31.06262], [31.67094, 31.07797], [31.616, 31.06164], [31.61868, 31.04754], [31.61202, 31.05584], [31.58945, 31.05086], [31.56889, 31.07097], [31.52583, 31.06515], [31.51248, 31.08139], [31.53066, 31.0833], [31.5299, 31.0912], [31.49639, 31.10383], [31.52217, 31.12594], [31.52083, 31.13564], [31.53252, 31.14028], [31.54684, 31.15939], [31.59084, 31.16349], [31.60252, 31.15974], [31.60508, 31.11735], [31.64091, 31.10709], [31.64204, 31.09918], [31.67166, 31.10579], [31.68181, 31.09095], [31.68931, 31.09259], [31.68926, 31.08504], [31.7007, 31.08528], [31.70395, 31.09933], [31.69845, 31.10281], [31.70557, 31.10583], [31.70523, 31.11304], [31.7211, 31.12663], [31.73841, 31.12029], [31.74113, 31.14048], [31.74662, 31.13566], [31.76738, 31.1437], [31.77085, 31.13337], [31.79129, 31.12528], [31.79314, 31.1105], [31.8543, 31.11572], [31.86047, 31.09988], [31.85549, 31.07103], [31.83703, 31.07597]]]}}, {"type": "Feature", "properties": {"shapeID": "37247803B58798403168141", "shapeName": "Dishna"}, "geometry": {"type": "Polygon", "coordinates": [[[32.57111, 26.19482], [32.56463, 26.17018], [32.53273, 26.15603], [32.55676, 26.14362], [32.55208, 26.11627], [32.47699, 26.12063], [32.439, 26.11534], [32.39384, 26.07681], [32.37944, 26.07291], [32.36927, 26.0796], [32.34675, 26.07783], [32.34016, 26.09105], [32.34924, 26.10624], [32.3415, 26.11676], [32.34865, 26.12005], [32.35028, 26.13389], [32.34774, 26.13962], [32.33035, 26.13967], [32.34118, 26.15762], [32.40971, 26.1675], [32.44691, 26.16229], [32.46746, 26.17597], [32.47498, 26.19752], [32.4887, 26.20314], [32.50569, 26.20593], [32.51522, 26.19135], [32.5418, 26.20979], [32.56605, 26.20949], [32.57111, 26.19482]]]}}, {"type": "Feature", "properties": {"shapeID": "37247803B31091771651272", "shapeName": "Disuq"}, "geometry": {"type": "Polygon", "coordinates": [[[30.63012, 31.14575], [30.64401, 31.16115], [30.65534, 31.15952], [30.66415, 31.15361], [30.669, 31.13699], [30.64185, 31.12922], [30.63012, 31.14575]]]}}, {"type": "Feature", "properties": {"shapeID": "37247803B5020556280365", "shapeName": "Disuq"}, "geometry": {"type": "Polygon", "coordinates": [[[30.76399, 31.04345], [30.76342, 31.03261], [30.7411, 31.01142], [30.72154, 31.02402], [30.72999, 31.053], [30.7229, 31.07113], [30.68673, 31.09995], [30.66185, 31.10939], [30.64185, 31.12922], [30.669, 31.13699], [30.66415, 31.15361], [30.64401, 31.16115], [30.63012, 31.14575], [30.61939, 31.15425], [30.61018, 31.17494], [30.62785, 31.18216], [30.62228, 31.19756], [30.62696, 31.2095], [30.61853, 31.22062], [30.62671, 31.22455], [30.61336, 31.24462], [30.61872, 31.25072], [30.63284, 31.24139], [30.66401, 31.23591], [30.66527, 31.25003], [30.6847, 31.25232], [30.70431, 31.2675], [30.72443, 31.2535], [30.72663, 31.26362], [30.7419, 31.26594], [30.75625, 31.2873], [30.78236, 31.26925], [30.78354, 31.24007], [30.80772, 31.20698], [30.79412, 31.18461], [30.80426, 31.16114], [30.76397, 31.14352], [30.76527, 31.12785], [30.77548, 31.11432], [30.76623, 31.11556], [30.77157, 31.07621], [30.78626, 31.0439], [30.76399, 31.04345]]]}}, {"type": "Feature", "properties": {"shapeID": "37247803B80197492831052", "shapeName": "Dumyat"}, "geometry": {"type": "MultiPolygon", "coordinates": [[[[31.84034, 31.40749], [31.84794, 31.39293], [31.84511, 31.38633], [31.85713, 31.3829], [31.83494, 31.37574], [31.85207, 31.37245], [31.85942, 31.35345], [31.82154, 31.35652], [31.78446, 31.3746], [31.76896, 31.36524], [31.75755, 31.37277], [31.74555, 31.36403], [31.7501, 31.3768], [31.74403, 31.38337], [31.75747, 31.40853], [31.76858, 31.3951], [31.78554, 31.40666], [31.7887, 31.39838], [31.80729, 31.40057], [31.8104, 31.39304], [31.82661, 31.39939], [31.83289, 31.40983], [31.83062, 31.42424], [31.81804, 31.44061], [31.80144, 31.43872], [31.80154, 31.44909], [31.80478, 31.4575], [31.8296, 31.46989], [31.82738, 31.48456], [31.84891, 31.52674], [31.92456, 31.52542], [31.94743, 31.51352], [31.99136, 31.48148], [31.99306, 31.47365], [31.99071, 31.46499], [31.98922, 31.48198], [31.98666, 31.47607], [31.98312, 31.486], [31.98545, 31.47013], [31.97993, 31.48744], [31.98132, 31.47778], [31.97494, 31.49281], [31.95873, 31.50161], [31.97191, 31.46627], [32.00649, 31.41538], [32.06583, 31.36825], [32.05997, 31.35951], [31.99431, 31.37193], [31.97107, 31.38397], [31.84034, 31.40749]], [[31.95942, 31.38772], [31.96589, 31.39714], [31.97954, 31.39464], [31.98939, 31.4044], [31.94863, 31.49043], [31.93273, 31.49703], [31.90122, 31.49543], [31.86665, 31.51114], [31.86624, 31.50473], [31.85826, 31.509], [31.85649, 31.5017], [31.90084, 31.48734], [31.90977, 31.46562], [31.89425, 31.46912], [31.89117, 31.47606], [31.89673, 31.48421], [31.87971, 31.46847], [31.87085, 31.46956], [31.87873, 31.44831], [31.86591, 31.44035], [31.87215, 31.43015], [31.85893, 31.40796], [31.95942, 31.38772]]], [[[31.82533, 31.48492], [31.82719, 31.47174], [31.80454, 31.46127], [31.79794, 31.45083], [31.80024, 31.43203], [31.81071, 31.41837], [31.78694, 31.41122], [31.78018, 31.44301], [31.78037, 31.49051], [31.81277, 31.50393], [31.82924, 31.49578], [31.82533, 31.48492]]]]}}, {"type": "Feature", "properties": {"shapeID": "37247803B95914699067070", "shapeName": "Dumyat 1"}, "geometry": {"type": "Polygon", "coordinates": [[[31.82661, 31.39939], [31.8104, 31.39304], [31.80729, 31.40057], [31.7887, 31.39838], [31.78554, 31.40666], [31.81183, 31.4157], [31.8113, 31.4206], [31.82085, 31.41997], [31.83114, 31.4095], [31.82661, 31.39939]]]}}, {"type": "Feature", "properties": {"shapeID": "37247803B80860993707274", "shapeName": "Dumyat 2"}, "geometry": {"type": "Polygon", "coordinates": [[[31.81804, 31.44061], [31.83062, 31.42424], [31.83289, 31.40983], [31.8113, 31.4206], [31.80144, 31.43872], [31.81804, 31.44061]]]}}, {"type": "Feature", "properties": {"shapeID": "37247803B6997097478011", "shapeName": "Dumyat Al-Gadida"}, "geometry": {"type": "Polygon", "coordinates": [[[31.78434, 31.42253], [31.6732, 31.39896], [31.63047, 31.40057], [31.63085, 31.45344], [31.74211, 31.47531], [31.7599, 31.44178], [31.78018, 31.44301], [31.78434, 31.42253]]]}}, {"type": "Feature", "properties": {"shapeID": "37247803B46347292779018", "shapeName": "DuqqI"}, "geometry": {"type": "Polygon", "coordinates": [[[31.20486, 30.05654], [31.2136, 30.04663], [31.21952, 30.0479], [31.22105, 30.03269], [31.20221, 30.02879], [31.19448, 30.04575], [31.20486, 30.05654]]]}}, {"type": "Feature", "properties": {"shapeID": "37247803B60189516177334", "shapeName": "Dyarb Nigm"}, "geometry": {"type": "Polygon", "coordinates": [[[31.57563, 30.79071], [31.53714, 30.77665], [31.52426, 30.76325], [31.51779, 30.73568], [31.49965, 30.70756], [31.5104, 30.70228], [31.50538, 30.68365], [31.48538, 30.69184], [31.47215, 30.68195], [31.44173, 30.68565], [31.43837, 30.69585], [31.41828, 30.67985], [31.41706, 30.68572], [31.40545, 30.68828], [31.38316, 30.68442], [31.38305, 30.70424], [31.37351, 30.71021], [31.38294, 30.71467], [31.37598, 30.71745], [31.36915, 30.73738], [31.37394, 30.74583], [31.36459, 30.74703], [31.37191, 30.75982], [31.36395, 30.78085], [31.37318, 30.78475], [31.37688, 30.81046], [31.40485, 30.81199], [31.41274, 30.8026], [31.41626, 30.80916], [31.43146, 30.81124], [31.43324, 30.82071], [31.4695, 30.8256], [31.48514, 30.8111], [31.49309, 30.81718], [31.50182, 30.81142], [31.52565, 30.82329], [31.57338, 30.8141], [31.57563, 30.79071]]]}}, {"type": "Feature", "properties": {"shapeID": "37247803B17472786437270", "shapeName": "E Mansora 2"}, "geometry": {"type": "Polygon", "coordinates": [[[31.38251, 31.03385], [31.39352, 31.0366], [31.41606, 31.0818], [31.42668, 31.07856], [31.43969, 31.06392], [31.43864, 31.04687], [31.41263, 31.03675], [31.42442, 31.02878], [31.41873, 31.01858], [31.40351, 31.02343], [31.39234, 31.0125], [31.38251, 31.03385]]]}}, {"type": "Feature", "properties": {"shapeID": "37247803B97743479870089", "shapeName": "El-Ibrahimiya"}, "geometry": {"type": "Polygon", "coordinates": [[[31.61246, 30.75521], [31.62058, 30.7328], [31.60737, 30.72426], [31.59598, 30.70254], [31.58579, 30.70782], [31.55565, 30.6854], [31.54648, 30.69572], [31.51951, 30.69352], [31.51523, 30.70218], [31.49965, 30.70756], [31.51779, 30.73568], [31.52426, 30.76325], [31.53714, 30.77665], [31.55506, 30.77512], [31.55176, 30.76817], [31.5636, 30.75623], [31.58025, 30.77735], [31.59484, 30.7677], [31.61834, 30.7675], [31.61246, 30.75521]]]}}, {"type": "Feature", "properties": {"shapeID": "37247803B82765364508611", "shapeName": "El Arish 1"}, "geometry": {"type": "Polygon", "coordinates": [[[33.79801, 31.10286], [33.75788, 31.13674], [33.86708, 31.16145], [33.87247, 31.09861], [33.79801, 31.10286]]]}}, {"type": "Feature", "properties": {"shapeID": "37247803B92931346383246", "shapeName": "El Arish 2"}, "geometry": {"type": "Polygon", "coordinates": [[[33.79801, 31.10286], [33.75354, 31.03221], [33.71835, 31.07757], [33.6943, 31.12284], [33.75788, 31.13674], [33.79801, 31.10286]]]}}, {"type": "Feature", "properties": {"shapeID": "37247803B18293726613988", "shapeName": "El Arish 3"}, "geometry": {"type": "Polygon", "coordinates": [[[33.87247, 31.09861], [33.87576, 31.06015], [33.73963, 30.89901], [33.70682, 30.95784], [33.79801, 31.10286], [33.87247, 31.09861]]]}}, {"type": "Feature", "properties": {"shapeID": "37247803B14702199074319", "shapeName": "El Arish 4"}, "geometry": {"type": "Polygon", "coordinates": [[[33.45335, 30.60715], [33.45579, 30.92122], [33.49464, 31.02274], [33.54213, 31.11895], [33.6943, 31.12284], [33.71835, 31.07757], [33.75354, 31.03221], [33.70682, 30.95784], [33.73963, 30.89901], [33.72135, 30.60724], [33.45335, 30.60715]]]}}, {"type": "Feature", "properties": {"shapeID": "37247803B79184551516010", "shapeName": "El Mahalla El Kobra"}, "geometry": {"type": "Polygon", "coordinates": [[[31.07837, 31.14771], [31.08691, 31.15195], [31.14761, 31.13925], [31.17286, 31.15981], [31.20113, 31.15235], [31.2152, 31.15543], [31.23845, 31.13513], [31.2391, 31.12646], [31.2324, 31.12287], [31.2415, 31.11389], [31.23942, 31.09636], [31.21932, 31.08216], [31.21864, 31.05551], [31.20164, 31.04257], [31.19992, 31.02283], [31.21973, 31.0039], [31.23102, 31.00132], [31.21725, 30.99358], [31.21311, 30.97293], [31.2042, 30.96631], [31.20764, 30.95619], [31.19355, 30.93352], [31.1997, 30.92729], [31.19609, 30.90572], [31.1872, 30.90094], [31.19414, 30.89241], [31.18928, 30.88715], [31.17613, 30.89204], [31.17419, 30.87942], [31.13766, 30.88141], [31.09974, 30.87421], [31.09414, 30.88549], [31.1001, 30.89488], [31.0743, 30.89636], [31.07096, 30.93633], [31.0535, 30.94122], [31.0547, 30.97567], [31.04072, 30.97571], [31.03834, 30.98881], [31.05376, 31.01104], [31.04277, 31.02509], [31.02363, 31.03092], [31.03453, 31.05544], [31.05365, 31.0724], [31.04869, 31.07809], [31.05829, 31.09945], [31.05365, 31.1307], [31.05662, 31.16014], [31.06236, 31.16316], [31.07837, 31.14771]], [[31.1833, 30.95427], [31.18103, 30.98529], [31.18739, 30.99132], [31.16263, 30.99455], [31.1607, 31.00218], [31.14156, 31.00063], [31.14011, 30.97675], [31.15218, 30.97049], [31.14031, 30.96113], [31.12689, 30.96495], [31.13516, 30.95357], [31.14647, 30.95559], [31.14078, 30.94757], [31.14477, 30.94258], [31.15795, 30.93992], [31.16429, 30.94851], [31.1833, 30.95427]]]}}, {"type": "Feature", "properties": {"shapeID": "37247803B33449651537702", "shapeName": "El Mahalla El Kobra 1"}, "geometry": {"type": "Polygon", "coordinates": [[[31.18739, 30.99132], [31.18103, 30.98529], [31.1833, 30.95427], [31.16429, 30.94851], [31.16263, 30.99455], [31.18739, 30.99132]]]}}, {"type": "Feature", "properties": {"shapeID": "37247803B13399468350664", "shapeName": "El Mahalla El Kobra 2"}, "geometry": {"type": "Polygon", "coordinates": [[[31.15795, 30.93992], [31.14477, 30.94258], [31.14078, 30.94757], [31.14647, 30.95559], [31.13516, 30.95357], [31.12689, 30.96495], [31.14031, 30.96113], [31.15218, 30.97049], [31.14011, 30.97675], [31.14156, 31.00063], [31.16255, 31.00008], [31.16429, 30.94851], [31.15795, 30.93992]]]}}, {"type": "Feature", "properties": {"shapeID": "37247803B83073428854351", "shapeName": "El Mansora"}, "geometry": {"type": "Polygon", "coordinates": [[[31.38016, 30.96288], [31.38534, 30.97727], [31.35099, 30.97132], [31.33486, 30.98482], [31.33135, 31.00098], [31.31002, 30.99356], [31.30398, 30.99898], [31.30713, 31.00609], [31.33852, 31.02454], [31.33506, 31.03713], [31.3488, 31.04555], [31.3714, 31.04782], [31.36178, 31.04052], [31.36004, 31.02519], [31.37789, 31.02291], [31.37525, 31.00095], [31.3853, 31.00192], [31.40351, 31.02343], [31.41873, 31.01858], [31.42442, 31.02878], [31.41263, 31.03675], [31.43864, 31.04687], [31.43969, 31.06392], [31.41606, 31.0818], [31.43503, 31.12326], [31.45252, 31.13522], [31.4509, 31.15413], [31.47176, 31.15793], [31.47326, 31.17573], [31.50674, 31.1623], [31.51999, 31.16441], [31.5301, 31.14128], [31.50257, 31.12914], [31.47748, 31.12689], [31.49584, 31.10959], [31.49852, 31.09323], [31.48499, 31.07507], [31.48999, 31.05646], [31.5187, 31.04183], [31.54197, 31.04474], [31.54427, 31.05159], [31.53532, 31.05475], [31.53939, 31.0558], [31.58834, 31.05295], [31.59005, 31.04195], [31.59792, 31.03708], [31.59854, 31.00755], [31.60612, 31.00045], [31.5882, 30.99322], [31.58457, 30.97986], [31.56404, 30.97523], [31.55927, 30.9684], [31.51787, 30.97217], [31.50016, 30.9802], [31.49459, 30.9696], [31.47527, 30.9725], [31.47365, 30.96187], [31.45392, 30.9603], [31.44517, 30.94388], [31.43613, 30.95047], [31.42427, 30.94369], [31.40618, 30.95858], [31.39826, 30.94903], [31.3987, 30.96138], [31.39357, 30.96245], [31.39126, 30.93035], [31.38016, 30.96288]]]}}, {"type": "Feature", "properties": {"shapeID": "37247803B85247487045844", "shapeName": "El Mansora 1"}, "geometry": {"type": "Polygon", "coordinates": [[[31.39352, 31.0366], [31.38251, 31.03385], [31.39004, 31.00601], [31.37525, 31.00095], [31.37789, 31.02291], [31.36004, 31.02519], [31.36178, 31.04052], [31.39933, 31.05704], [31.39352, 31.0366]]]}}, {"type": "Feature", "properties": {"shapeID": "37247803B81892076694929", "shapeName": "Faqus"}, "geometry": {"type": "Polygon", "coordinates": [[[31.8186, 30.7198], [31.81704, 30.70732], [31.80819, 30.70659], [31.79959, 30.72043], [31.78566, 30.72419], [31.78929, 30.73743], [31.8186, 30.7198]]]}}, {"type": "Feature", "properties": {"shapeID": "37247803B31970739059734", "shapeName": "Faqus"}, "geometry": {"type": "Polygon", "coordinates": [[[31.71214, 30.63113], [31.71049, 30.63682], [31.75649, 30.66568], [31.74426, 30.67842], [31.75336, 30.6833], [31.74984, 30.6861], [31.75878, 30.70268], [31.74512, 30.71195], [31.75911, 30.7331], [31.74241, 30.74672], [31.74365, 30.76034], [31.75593, 30.76671], [31.76659, 30.76219], [31.77835, 30.76584], [31.78854, 30.77849], [31.7883, 30.78629], [31.77553, 30.79593], [31.76937, 30.8272], [31.76015, 30.82629], [31.75434, 30.84514], [31.74169, 30.84229], [31.74377, 30.85316], [31.75192, 30.85572], [31.75116, 30.86119], [31.76922, 30.8651], [31.77128, 30.8752], [31.78533, 30.86241], [31.81208, 30.87197], [31.83194, 30.89299], [31.84479, 30.88792], [31.83592, 30.8734], [31.84752, 30.87041], [31.85176, 30.86096], [31.87001, 30.88825], [31.87895, 30.88688], [31.86579, 30.84817], [31.85786, 30.84106], [31.86236, 30.82056], [31.85553, 30.81681], [31.85617, 30.80704], [31.88833, 30.80126], [31.8839, 30.78693], [31.89564, 30.77301], [31.91135, 30.77305], [31.92388, 30.75561], [31.9378, 30.75607], [31.94712, 30.76873], [31.97948, 30.77072], [31.99283, 30.78289], [32.02364, 30.77788], [32.03224, 30.76481], [32.04265, 30.76808], [32.0499, 30.75504], [32.05115, 30.7359], [31.9349, 30.68282], [31.89499, 30.69893], [31.84677, 30.6727], [31.8493, 30.6668], [31.85827, 30.66699], [31.82778, 30.64933], [31.84513, 30.6275], [31.83767, 30.61674], [31.8294, 30.62589], [31.7899, 30.60569], [31.77769, 30.61892], [31.77753, 30.62974], [31.76689, 30.63426], [31.74322, 30.63749], [31.74124, 30.63012], [31.73519, 30.63883], [31.71214, 30.63113]], [[31.78929, 30.73743], [31.78566, 30.72419], [31.79959, 30.72043], [31.80819, 30.70659], [31.81704, 30.70732], [31.8186, 30.7198], [31.78929, 30.73743]]]}}, {"type": "Feature", "properties": {"shapeID": "37247803B71323814972136", "shapeName": "Fariskur"}, "geometry": {"type": "Polygon", "coordinates": [[[31.7501, 31.3768], [31.74555, 31.36403], [31.76079, 31.37363], [31.76682, 31.36573], [31.77579, 31.36787], [31.77695, 31.34813], [31.78838, 31.35573], [31.79989, 31.35369], [31.78796, 31.33464], [31.80237, 31.32574], [31.78788, 31.31812], [31.79426, 31.30503], [31.77917, 31.3114], [31.76717, 31.30732], [31.77245, 31.27291], [31.78631, 31.26399], [31.78352, 31.24712], [31.7588, 31.23664], [31.68207, 31.25798], [31.68041, 31.26917], [31.66315, 31.27434], [31.65885, 31.2825], [31.66155, 31.28928], [31.67289, 31.28956], [31.68588, 31.27783], [31.69487, 31.28241], [31.69212, 31.30495], [31.71142, 31.32621], [31.71848, 31.34786], [31.71596, 31.37823], [31.73321, 31.37547], [31.74403, 31.38337], [31.7501, 31.3768]]]}}, {"type": "Feature", "properties": {"shapeID": "37247803B34364320668484", "shapeName": "Farshut"}, "geometry": {"type": "Polygon", "coordinates": [[[32.11592, 26.06223], [32.11101, 26.06812], [32.11903, 26.07638], [32.11322, 26.0875], [32.12152, 26.099], [32.13796, 26.08758], [32.15989, 26.08428], [32.18443, 26.10956], [32.1949, 26.11154], [32.19649, 26.10431], [32.18041, 26.078], [32.19448, 26.06567], [32.19953, 26.02104], [32.1928, 26.00872], [32.18087, 26.00229], [32.14512, 26.02428], [32.13312, 26.02266], [32.13282, 26.03456], [32.10135, 26.0548], [32.11592, 26.06223]]]}}, {"type": "Feature", "properties": {"shapeID": "37247803B37861588601733", "shapeName": "Fayid"}, "geometry": {"type": "Polygon", "coordinates": [[[32.38738, 30.24211], [32.32146, 30.27215], [32.29645, 30.2983], [32.29473, 30.3157], [32.27347, 30.33761], [32.27016, 30.35638], [32.27829, 30.39489], [32.28924, 30.41142], [32.31338, 30.42892], [32.30995, 30.47141], [32.31887, 30.47338], [32.31347, 30.48986], [32.34353, 30.49365], [32.34508, 30.49961], [32.36415, 30.4103], [32.31941, 30.39729], [32.30965, 30.36149], [32.31037, 30.33537], [32.3385, 30.30752], [32.35342, 30.28191], [32.41669, 30.27206], [32.40985, 30.27112], [32.43472, 30.25149], [32.43797, 30.23409], [32.38738, 30.24211]]]}}, {"type": "Feature", "properties": {"shapeID": "37247803B30609980444918", "shapeName": "Faysal"}, "geometry": {"type": "Polygon", "coordinates": [[[32.49675, 29.96498], [32.47522, 29.9619], [32.48548, 30.01356], [32.42095, 30.05276], [32.32824, 30.08739], [32.25864, 30.09669], [32.2112, 30.08428], [32.17466, 30.06602], [32.10254, 30.06298], [31.99188, 30.08454], [31.88756, 30.09215], [31.83979, 30.27146], [32.20868, 30.24816], [32.31744, 30.25647], [32.38897, 30.24171], [32.41524, 30.18298], [32.47336, 30.16351], [32.47024, 30.12657], [32.48155, 30.12299], [32.47877, 30.10374], [32.49382, 30.08683], [32.50613, 30.08453], [32.50001, 30.07261], [32.51053, 30.05104], [32.53118, 30.0452], [32.52884, 30.02337], [32.54061, 30.01336], [32.49675, 29.96498]]]}}, {"type": "Feature", "properties": {"shapeID": "37247803B19900063663669", "shapeName": "Fayyum"}, "geometry": {"type": "Polygon", "coordinates": [[[30.86184, 29.33027], [30.87772, 29.3231], [30.86625, 29.31203], [30.86764, 29.30334], [30.87356, 29.30718], [30.87969, 29.29197], [30.89744, 29.29662], [30.88806, 29.2867], [30.85899, 29.28863], [30.85662, 29.30292], [30.80875, 29.29888], [30.81342, 29.32083], [30.82717, 29.31985], [30.82971, 29.33577], [30.84153, 29.33037], [30.85251, 29.34084], [30.86225, 29.34016], [30.86184, 29.33027]]]}}, {"type": "Feature", "properties": {"shapeID": "37247803B48268032297871", "shapeName": "Fayyum"}, "geometry": {"type": "Polygon", "coordinates": [[[30.73678, 29.32432], [30.72124, 29.3172], [30.72014, 29.32498], [30.74179, 29.3309], [30.74837, 29.36089], [30.79017, 29.34817], [30.79528, 29.35245], [30.7898, 29.37067], [30.79937, 29.37577], [30.8138, 29.36448], [30.81973, 29.37475], [30.83588, 29.37338], [30.85264, 29.34309], [30.86888, 29.35275], [30.89926, 29.34466], [30.90698, 29.35659], [30.92877, 29.35927], [30.93436, 29.37792], [30.9578, 29.3796], [30.96589, 29.38878], [30.98466, 29.37415], [30.99396, 29.40012], [31.05648, 29.39867], [31.05015, 29.39077], [31.05875, 29.37548], [31.05569, 29.34459], [31.04217, 29.33128], [31.04476, 29.31209], [30.99448, 29.24143], [31.00423, 29.2158], [30.98247, 29.21737], [30.97188, 29.19706], [30.95015, 29.20586], [30.94398, 29.21711], [30.92711, 29.21732], [30.92906, 29.22817], [30.92227, 29.24038], [30.89975, 29.2503], [30.85593, 29.25892], [30.8563, 29.25039], [30.84364, 29.24984], [30.8413, 29.24219], [30.82574, 29.23577], [30.82761, 29.24179], [30.82076, 29.24182], [30.82921, 29.24804], [30.82424, 29.26176], [30.80576, 29.26779], [30.80722, 29.27771], [30.79511, 29.27047], [30.78473, 29.27958], [30.78744, 29.29091], [30.77401, 29.28386], [30.7449, 29.28667], [30.74944, 29.29829], [30.74485, 29.30091], [30.73608, 29.2894], [30.72459, 29.29319], [30.73678, 29.32432]], [[30.85251, 29.34084], [30.84153, 29.33037], [30.82971, 29.33577], [30.82717, 29.31985], [30.81342, 29.32083], [30.80875, 29.29888], [30.85662, 29.30292], [30.85899, 29.28863], [30.88806, 29.2867], [30.89744, 29.29662], [30.87969, 29.29197], [30.87356, 29.30718], [30.86764, 29.30334], [30.86625, 29.31203], [30.87772, 29.3231], [30.86184, 29.33027], [30.86225, 29.34016], [30.85251, 29.34084]]]}}, {"type": "Feature", "properties": {"shapeID": "37247803B49261326337106", "shapeName": "Fayyum City"}, "geometry": {"type": "Polygon", "coordinates": [[[30.894, 29.19679], [30.87001, 29.1978], [30.86814, 29.22277], [30.87537, 29.22328], [30.87499, 29.23042], [30.89062, 29.22967], [30.894, 29.19679]]]}}, {"type": "Feature", "properties": {"shapeID": "37247803B18830247212538", "shapeName": "Fuwwa"}, "geometry": {"type": "Polygon", "coordinates": [[[30.66401, 31.23591], [30.63284, 31.24139], [30.61872, 31.25072], [30.61336, 31.24462], [30.62671, 31.22455], [30.61853, 31.22062], [30.62696, 31.2095], [30.62228, 31.19756], [30.62785, 31.18216], [30.61018, 31.17494], [30.55936, 31.20877], [30.54429, 31.19363], [30.52451, 31.19973], [30.52801, 31.22832], [30.5073, 31.23044], [30.5004, 31.24497], [30.51962, 31.26759], [30.54817, 31.25649], [30.56112, 31.28833], [30.58438, 31.26143], [30.61091, 31.27089], [30.66527, 31.25003], [30.66401, 31.23591]]]}}, {"type": "Feature", "properties": {"shapeID": "37247803B35159038955302", "shapeName": "Gamaliyya"}, "geometry": {"type": "Polygon", "coordinates": [[[31.25604, 30.04821], [31.26968, 30.06271], [31.27103, 30.05346], [31.27776, 30.05293], [31.27082, 30.04427], [31.25604, 30.04821]]]}}, {"type": "Feature", "properties": {"shapeID": "37247803B61815005603813", "shapeName": "Gamaliyya"}, "geometry": {"type": "Polygon", "coordinates": [[[31.87987, 31.19774], [31.8616, 31.18489], [31.86293, 31.15433], [31.83946, 31.13226], [31.81801, 31.16579], [31.8279, 31.16877], [31.81958, 31.2152], [31.82184, 31.25259], [31.85402, 31.28022], [31.86707, 31.27339], [31.8676, 31.24147], [31.8624, 31.23363], [31.89501, 31.23327], [31.87987, 31.19774]]]}}, {"type": "Feature", "properties": {"shapeID": "37247803B6242604579963", "shapeName": "Gamsa"}, "geometry": {"type": "Polygon", "coordinates": [[[31.53797, 31.4322], [31.53491, 31.4481], [31.56443, 31.44245], [31.55374, 31.43092], [31.53797, 31.4322]]]}}, {"type": "Feature", "properties": {"shapeID": "37247803B10377703685184", "shapeName": "Girga"}, "geometry": {"type": "Polygon", "coordinates": [[[31.89492, 26.33156], [31.88432, 26.33405], [31.87881, 26.33736], [31.88165, 26.34878], [31.86983, 26.36116], [31.88479, 26.36481], [31.89491, 26.34788], [31.89638, 26.35361], [31.90959, 26.34244], [31.89492, 26.33156]]]}}, {"type": "Feature", "properties": {"shapeID": "37247803B67165443918142", "shapeName": "Girga"}, "geometry": {"type": "Polygon", "coordinates": [[[31.93348, 26.31043], [31.94303, 26.29938], [31.93228, 26.29636], [31.90873, 26.27063], [31.88516, 26.26325], [31.87586, 26.26901], [31.87172, 26.25431], [31.87998, 26.23993], [31.87254, 26.23444], [31.84969, 26.24889], [31.84699, 26.2627], [31.82829, 26.2869], [31.77315, 26.31816], [31.77083, 26.32528], [31.77569, 26.35018], [31.78295, 26.35448], [31.78355, 26.3478], [31.79774, 26.34617], [31.79448, 26.33682], [31.80827, 26.33786], [31.80746, 26.34875], [31.84144, 26.36603], [31.84276, 26.37968], [31.87118, 26.37775], [31.88479, 26.36481], [31.86983, 26.36116], [31.88165, 26.34878], [31.87881, 26.33736], [31.89492, 26.33156], [31.90959, 26.34244], [31.93648, 26.32125], [31.93348, 26.31043]]]}}, {"type": "Feature", "properties": {"shapeID": "37247803B55829024150134", "shapeName": "Giza"}, "geometry": {"type": "MultiPolygon", "coordinates": [[[[31.2258, 29.9888], [31.23504, 29.9662], [31.22317, 29.97805], [31.22482, 30.00051], [31.2258, 29.9888]]], [[[31.20221, 30.02879], [31.22105, 30.03269], [31.22282, 29.99969], [31.21695, 29.99835], [31.2202, 29.97889], [31.22876, 29.96656], [31.20882, 29.97146], [31.2094, 29.97612], [31.19473, 29.97371], [31.19557, 29.9838], [31.21008, 29.98536], [31.20221, 30.02879]]]]}}, {"type": "Feature", "properties": {"shapeID": "37247803B59036266241246", "shapeName": "Giza"}, "geometry": {"type": "MultiPolygon", "coordinates": [[[[31.16155, 29.9554], [31.15474, 29.96438], [31.16234, 29.97105], [31.16024, 29.97715], [31.17471, 29.97548], [31.17847, 29.9693], [31.19543, 29.98009], [31.19473, 29.97371], [31.2094, 29.97612], [31.20882, 29.97146], [31.22876, 29.96656], [31.27189, 29.94096], [31.27553, 29.93286], [31.25432, 29.92543], [31.23876, 29.90805], [31.23061, 29.91274], [31.2226, 29.90585], [31.19489, 29.92342], [31.18566, 29.91347], [31.17546, 29.91863], [31.15052, 29.95092], [31.16155, 29.9554]]], [[[31.24073, 29.96047], [31.24787, 29.95697], [31.25013, 29.9542], [31.24073, 29.96047]]]]}}, {"type": "Feature", "properties": {"shapeID": "37247803B67659065091710", "shapeName": "Guhayna Al-Gharbiyya"}, "geometry": {"type": "Polygon", "coordinates": [[[31.52627, 26.71278], [31.51856, 26.7106], [31.51336, 26.68359], [31.52091, 26.67888], [31.53541, 26.6883], [31.54349, 26.6845], [31.54199, 26.6634], [31.55248, 26.65359], [31.51745, 26.63899], [31.50677, 26.62404], [31.48415, 26.6164], [31.44643, 26.67438], [31.40095, 26.70787], [31.4092, 26.73791], [31.42987, 26.74089], [31.43012, 26.75237], [31.44177, 26.74806], [31.44766, 26.76037], [31.45982, 26.75605], [31.47742, 26.73708], [31.4851, 26.74924], [31.49591, 26.74815], [31.52627, 26.71278]]]}}, {"type": "Feature", "properties": {"shapeID": "37247803B1921003738807", "shapeName": "Hadaiq Al-Qubba"}, "geometry": {"type": "Polygon", "coordinates": [[[31.28023, 30.10153], [31.29024, 30.09924], [31.294, 30.08684], [31.26609, 30.06951], [31.28023, 30.10153]]]}}, {"type": "Feature", "properties": {"shapeID": "37247803B74067375685147", "shapeName": "Halayib"}, "geometry": {"type": "Polygon", "coordinates": [[[35.53801, 22.23325], [35.55753, 22.36382], [35.5938, 22.46858], [35.68609, 22.62346], [35.75291, 22.69892], [35.80891, 22.74582], [35.85146, 22.76848], [35.90753, 22.7242], [35.89657, 22.72789], [35.89253, 22.72185], [35.91924, 22.71281], [35.91565, 22.72146], [35.92402, 22.71895], [35.92046, 22.70338], [35.92495, 22.69724], [35.93448, 22.71526], [35.94192, 22.71643], [35.94628, 22.69342], [35.97264, 22.71146], [35.97714, 22.6982], [36.02024, 22.69513], [36.04541, 22.68345], [36.0439, 22.68989], [36.05605, 22.69203], [36.09846, 22.67644], [36.14346, 22.67676], [36.16692, 22.66783], [36.17665, 22.68067], [36.1865, 22.67881], [36.20061, 22.65681], [36.2253, 22.64786], [36.24578, 22.62335], [36.25862, 22.62305], [36.2624, 22.60498], [36.27722, 22.59765], [36.29703, 22.55674], [36.29773, 22.52506], [36.31422, 22.50014], [36.34671, 22.47316], [36.39949, 22.44265], [36.41154, 22.44718], [36.42695, 22.43983], [36.43172, 22.38881], [36.44879, 22.36365], [36.55658, 22.31883], [36.62496, 22.25899], [36.64486, 22.24983], [36.65473, 22.23108], [36.6836, 22.20835], [36.69995, 22.2067], [36.70826, 22.19073], [36.72958, 22.17293], [36.77401, 22.16644], [36.7785, 22.16912], [36.77042, 22.17763], [36.77956, 22.1792], [36.79851, 22.1604], [36.80973, 22.13072], [36.83342, 22.12194], [36.85379, 22.09486], [36.90445, 22.07607], [36.90871, 22.06762], [36.90328, 22.03112], [36.88357, 21.99935], [35.55124, 21.99913], [35.53801, 22.23325]]]}}, {"type": "Feature", "properties": {"shapeID": "37247803B80618316463204", "shapeName": "Hihya"}, "geometry": {"type": "Polygon", "coordinates": [[[31.66699, 30.61801], [31.64834, 30.60412], [31.60899, 30.60945], [31.58402, 30.59591], [31.5821, 30.60921], [31.56015, 30.6261], [31.56513, 30.63576], [31.54917, 30.65387], [31.55556, 30.65843], [31.54104, 30.6513], [31.53252, 30.65504], [31.52153, 30.64472], [31.50155, 30.65369], [31.4921, 30.67143], [31.49789, 30.68379], [31.50538, 30.68365], [31.5104, 30.70228], [31.51951, 30.69352], [31.54648, 30.69572], [31.55879, 30.68534], [31.58579, 30.70782], [31.59238, 30.70222], [31.5991, 30.70739], [31.60203, 30.69306], [31.61525, 30.70215], [31.63819, 30.70481], [31.64313, 30.68637], [31.63875, 30.67242], [31.65603, 30.66388], [31.67542, 30.66855], [31.68397, 30.65273], [31.66699, 30.61801]]]}}, {"type": "Feature", "properties": {"shapeID": "37247803B18472339316050", "shapeName": "Hilwan"}, "geometry": {"type": "MultiPolygon", "coordinates": [[[[31.33122, 29.88041], [31.36299, 29.86174], [31.34823, 29.79176], [31.32827, 29.78881], [31.31521, 29.79449], [31.31574, 29.80406], [31.29873, 29.8037], [31.28427, 29.91974], [31.29787, 29.91596], [31.33122, 29.88041]]], [[[31.28178, 29.90641], [31.28235, 29.9185], [31.2852, 29.90957], [31.28321, 29.90229], [31.28178, 29.90641]]]]}}, {"type": "Feature", "properties": {"shapeID": "37247803B61358518780197", "shapeName": "Hurghada 1"}, "geometry": {"type": "Polygon", "coordinates": [[[33.68639, 27.37124], [33.68844, 27.357], [33.69848, 27.35137], [33.69565, 27.3392], [33.71018, 27.32932], [33.71442, 27.3175], [33.75068, 27.30325], [33.78537, 27.2758], [33.83741, 27.2559], [33.84806, 27.24085], [33.84263, 27.21823], [33.85237, 27.20214], [33.8282, 27.18229], [33.83483, 27.14496], [33.83053, 27.10971], [33.68686, 27.07592], [33.57118, 27.02477], [33.27729, 26.93173], [33.23006, 26.89894], [33.17235, 26.83796], [33.04144, 26.7864], [32.93116, 26.69319], [32.88777, 26.69945], [32.74119, 26.68548], [32.76852, 26.85554], [32.7367, 26.98484], [32.69201, 27.03913], [32.62257, 27.20934], [32.61011, 27.29268], [32.60988, 27.35793], [32.65027, 27.43416], [32.66206, 27.56831], [32.74335, 27.49621], [32.87467, 27.45737], [33.02338, 27.38719], [33.14865, 27.3559], [33.31467, 27.33741], [33.52735, 27.34457], [33.67931, 27.37594], [33.68639, 27.37124]]]}}, {"type": "Feature", "properties": {"shapeID": "37247803B98457599359411", "shapeName": "Hurghada 2"}, "geometry": {"type": "Polygon", "coordinates": [[[33.52735, 27.34457], [33.31467, 27.33741], [33.14865, 27.3559], [33.02338, 27.38719], [32.87467, 27.45737], [32.74335, 27.49621], [32.66206, 27.56831], [32.57269, 27.84306], [32.64009, 27.9154], [32.80903, 28.04253], [32.91485, 28.09429], [33.02606, 28.13188], [33.13201, 28.1459], [33.27359, 28.13877], [33.33438, 28.08494], [33.33103, 28.07267], [33.33981, 28.05676], [33.36782, 28.04678], [33.36814, 28.04001], [33.38204, 28.03174], [33.41081, 28.03496], [33.4527, 28.00297], [33.48119, 27.99302], [33.55609, 27.89862], [33.56283, 27.87313], [33.58961, 27.84227], [33.58213, 27.83146], [33.58253, 27.81734], [33.5934, 27.7883], [33.58681, 27.79771], [33.57571, 27.7869], [33.5647, 27.81652], [33.54507, 27.81374], [33.52609, 27.828], [33.49142, 27.83938], [33.48057, 27.83339], [33.47092, 27.81133], [33.47495, 27.80249], [33.492, 27.80011], [33.5038, 27.77153], [33.5241, 27.75043], [33.53573, 27.74964], [33.55921, 27.76231], [33.5403, 27.70945], [33.54987, 27.68948], [33.5771, 27.68251], [33.59519, 27.6506], [33.58952, 27.64152], [33.56678, 27.68054], [33.55427, 27.67892], [33.569, 27.65609], [33.5521, 27.65767], [33.54666, 27.6749], [33.53298, 27.68073], [33.51892, 27.67623], [33.49356, 27.64633], [33.53564, 27.62182], [33.55992, 27.59188], [33.56059, 27.56776], [33.56755, 27.56938], [33.55804, 27.54261], [33.56025, 27.52527], [33.59143, 27.52209], [33.60858, 27.49948], [33.62713, 27.49513], [33.62314, 27.49386], [33.64261, 27.45253], [33.68059, 27.41959], [33.69038, 27.38984], [33.67931, 27.37594], [33.52735, 27.34457]]]}}, {"type": "Feature", "properties": {"shapeID": "37247803B77234514351972", "shapeName": "Hush Isa"}, "geometry": {"type": "Polygon", "coordinates": [[[30.31307, 30.79016], [30.2416, 30.80723], [30.24448, 30.82263], [30.23597, 30.82555], [30.24879, 30.86528], [30.2441, 30.87479], [30.25147, 30.87816], [30.23827, 30.89846], [30.23112, 30.92628], [30.24142, 30.94298], [30.23354, 30.96312], [30.25456, 30.9673], [30.25668, 30.98242], [30.27912, 30.98255], [30.29968, 30.99484], [30.31784, 30.99328], [30.32237, 30.98345], [30.32816, 30.98421], [30.3327, 30.91563], [30.38877, 30.92518], [30.40171, 30.91056], [30.41984, 30.91313], [30.46597, 30.87652], [30.39381, 30.86119], [30.38017, 30.84804], [30.35773, 30.78814], [30.31307, 30.79016]]]}}, {"type": "Feature", "properties": {"shapeID": "37247803B31369022265166", "shapeName": "Hwamdeia"}, "geometry": {"type": "Polygon", "coordinates": [[[31.27309, 29.88561], [31.27073, 29.87166], [31.26381, 29.87029], [31.26438, 29.88068], [31.23938, 29.88664], [31.2226, 29.90585], [31.23061, 29.91274], [31.23876, 29.90805], [31.25432, 29.92543], [31.27553, 29.93286], [31.28181, 29.88341], [31.27309, 29.88561]]]}}, {"type": "Feature", "properties": {"shapeID": "37247803B4110362295427", "shapeName": "Idku"}, "geometry": {"type": "Polygon", "coordinates": [[[30.40843, 31.23099], [30.39747, 31.24502], [30.36951, 31.24221], [30.35382, 31.25006], [30.31137, 31.24129], [30.31111, 31.25224], [30.29804, 31.24292], [30.30289, 31.26088], [30.29489, 31.26685], [30.31079, 31.26964], [30.308, 31.28336], [30.28256, 31.28199], [30.27239, 31.29376], [30.26907, 31.28536], [30.21719, 31.26906], [30.16061, 31.26967], [30.1403, 31.26239], [30.14135, 31.26881], [30.17346, 31.27688], [30.1779, 31.27255], [30.25625, 31.30473], [30.29883, 31.33539], [30.32947, 31.3741], [30.39724, 31.32778], [30.41802, 31.27498], [30.42417, 31.22357], [30.40843, 31.23099]]]}}, {"type": "Feature", "properties": {"shapeID": "37247803B14597497558400", "shapeName": "Imbaba"}, "geometry": {"type": "Polygon", "coordinates": [[[31.20141, 30.07359], [31.18812, 30.0684], [31.18301, 30.0812], [31.20518, 30.08722], [31.20387, 30.09639], [31.21455, 30.09279], [31.22034, 30.09773], [31.22879, 30.08719], [31.21677, 30.06782], [31.20141, 30.07359]]]}}, {"type": "Feature", "properties": {"shapeID": "37247803B76869719120733", "shapeName": "Imbaba"}, "geometry": {"type": "Polygon", "coordinates": [[[31.12282, 30.16732], [31.13052, 30.15987], [31.11956, 30.15871], [31.1136, 30.15081], [31.09615, 30.15167], [31.09924, 30.12927], [31.11853, 30.1057], [31.06988, 30.09429], [31.02228, 30.1498], [30.92107, 30.24572], [30.83688, 30.2959], [30.8248, 30.30751], [30.80952, 30.34236], [30.82064, 30.3461], [30.82859, 30.32937], [30.84843, 30.32305], [30.87684, 30.33946], [30.9184, 30.3331], [30.92203, 30.31315], [30.91435, 30.28613], [30.95477, 30.28341], [30.96629, 30.26282], [30.96966, 30.23062], [30.99067, 30.20737], [31.01607, 30.19683], [31.05176, 30.21737], [31.06976, 30.21898], [31.12823, 30.17444], [31.12282, 30.16732]]]}}, {"type": "Feature", "properties": {"shapeID": "37247803B77757966140043", "shapeName": "Ismailiyya"}, "geometry": {"type": "Polygon", "coordinates": [[[32.12781, 30.56256], [32.117, 30.59351], [32.10904, 30.59577], [32.11952, 30.60636], [32.11907, 30.59811], [32.1488, 30.58633], [32.15031, 30.59458], [32.17192, 30.60201], [32.18367, 30.58969], [32.17475, 30.5817], [32.19429, 30.58423], [32.23423, 30.57427], [32.24519, 30.57407], [32.26814, 30.58793], [32.31113, 30.585], [32.30999, 30.54908], [32.34508, 30.49961], [32.34353, 30.49365], [32.31347, 30.48986], [32.31887, 30.47338], [32.30995, 30.47141], [32.31338, 30.42892], [32.28924, 30.41142], [32.27829, 30.39489], [32.27078, 30.34493], [32.29473, 30.3157], [32.29645, 30.2983], [32.31134, 30.28094], [32.33829, 30.26214], [32.38738, 30.24211], [32.31744, 30.25647], [32.20868, 30.24816], [32.05251, 30.25816], [32.05683, 30.43637], [32.07032, 30.55467], [32.12781, 30.56256]]]}}, {"type": "Feature", "properties": {"shapeID": "37247803B86792300989473", "shapeName": "Ismailiyya 1"}, "geometry": {"type": "Polygon", "coordinates": [[[32.26814, 30.58793], [32.24519, 30.57407], [32.22476, 30.5773], [32.22596, 30.58962], [32.24903, 30.59192], [32.25329, 30.59844], [32.25744, 30.58655], [32.29312, 30.59682], [32.31131, 30.61327], [32.32191, 30.64103], [32.32963, 30.64107], [32.31113, 30.585], [32.26814, 30.58793]]]}}, {"type": "Feature", "properties": {"shapeID": "37247803B84345161552096", "shapeName": "Ismailiyya 2"}, "geometry": {"type": "Polygon", "coordinates": [[[32.25744, 30.58655], [32.2462, 30.62542], [32.25761, 30.64068], [32.32191, 30.64103], [32.31131, 30.61327], [32.28461, 30.62677], [32.25581, 30.62251], [32.25602, 30.61606], [32.27061, 30.61869], [32.2782, 30.59562], [32.25744, 30.58655]]]}}, {"type": "Feature", "properties": {"shapeID": "37247803B16335235875864", "shapeName": "Ismailiyya 3"}, "geometry": {"type": "Polygon", "coordinates": [[[32.29312, 30.59682], [32.2782, 30.59562], [32.27061, 30.61869], [32.25602, 30.61606], [32.25581, 30.62251], [32.28461, 30.62677], [32.31131, 30.61327], [32.29312, 30.59682]]]}}, {"type": "Feature", "properties": {"shapeID": "37247803B29149830762978", "shapeName": "Isna"}, "geometry": {"type": "MultiPolygon", "coordinates": [[[[32.66182, 25.19329], [32.65443, 25.18728], [32.62559, 25.20873], [32.59614, 25.21529], [32.58032, 25.2437], [32.56004, 25.24757], [32.51978, 25.2819], [32.49688, 25.3383], [32.47857, 25.33221], [32.47102, 25.34958], [32.48288, 25.36021], [32.4771, 25.3843], [32.45242, 25.39232], [32.45021, 25.41185], [32.47559, 25.4225], [32.48966, 25.41818], [32.48508, 25.49472], [32.45481, 25.53248], [32.47447, 25.54116], [32.48562, 25.50098], [32.54385, 25.43687], [32.56484, 25.40045], [32.55199, 25.32794], [32.56508, 25.27449], [32.59299, 25.24702], [32.66335, 25.21369], [32.66182, 25.19329]]], [[[32.64251, 25.22862], [32.62193, 25.2399], [32.56708, 25.28098], [32.55959, 25.3477], [32.57019, 25.39664], [32.5354, 25.45716], [32.48923, 25.50424], [32.47581, 25.54747], [32.49782, 25.54791], [32.50553, 25.51238], [32.51844, 25.50671], [32.52599, 25.47508], [32.57375, 25.39798], [32.56802, 25.37443], [32.57532, 25.36202], [32.58086, 25.31425], [32.59007, 25.30333], [32.58518, 25.29343], [32.64251, 25.22862]]]]}}, {"type": "Feature", "properties": {"shapeID": "37247803B96571076642873", "shapeName": "Itay Al-Barud"}, "geometry": {"type": "Polygon", "coordinates": [[[30.6056, 30.82812], [30.60804, 30.84734], [30.59777, 30.86316], [30.55965, 30.87098], [30.54256, 30.9198], [30.52464, 30.93042], [30.53545, 30.93575], [30.54018, 30.95865], [30.56427, 30.96017], [30.55454, 30.97625], [30.58128, 30.97124], [30.60811, 30.97774], [30.62404, 30.95213], [30.66443, 30.95704], [30.67246, 30.94299], [30.68921, 30.9568], [30.70742, 30.94032], [30.72082, 30.94115], [30.73999, 30.92312], [30.75775, 30.9374], [30.76564, 30.92254], [30.78375, 30.93], [30.75564, 30.88209], [30.78959, 30.87016], [30.79209, 30.8631], [30.78138, 30.84041], [30.76345, 30.82272], [30.74988, 30.82157], [30.74883, 30.81291], [30.71855, 30.80631], [30.72218, 30.81527], [30.71523, 30.81774], [30.70929, 30.79415], [30.69444, 30.80476], [30.7026, 30.81156], [30.69939, 30.82545], [30.67962, 30.82684], [30.66864, 30.81864], [30.6752, 30.80068], [30.65095, 30.7987], [30.6415, 30.81289], [30.63203, 30.81283], [30.6315, 30.82347], [30.6056, 30.82812]]]}}, {"type": "Feature", "properties": {"shapeID": "37247803B70717043240627", "shapeName": "Kafr Al-Dawwar"}, "geometry": {"type": "Polygon", "coordinates": [[[30.13556, 31.14992], [30.15294, 31.14774], [30.14612, 31.12533], [30.15742, 31.11904], [30.17404, 31.1237], [30.15653, 31.10314], [30.16314, 31.09828], [30.15913, 31.09439], [30.14135, 31.09761], [30.13077, 31.09101], [30.11781, 31.10401], [30.124, 31.11246], [30.09102, 31.11199], [30.09557, 31.1313], [30.10941, 31.13036], [30.12549, 31.14616], [30.11793, 31.16793], [30.12622, 31.18276], [30.13556, 31.14992]]]}}, {"type": "Feature", "properties": {"shapeID": "37247803B13171530844779", "shapeName": "Kafr Al-Dawwar"}, "geometry": {"type": "Polygon", "coordinates": [[[30.13081, 30.97637], [30.10525, 30.97909], [30.07388, 31.01699], [30.04798, 31.03329], [30.0407, 31.02071], [30.00866, 31.01082], [29.98884, 30.99665], [29.93616, 31.057], [29.98628, 31.13938], [29.98916, 31.18428], [30.03691, 31.18543], [30.04397, 31.20577], [30.05427, 31.20934], [30.08034, 31.28043], [30.10483, 31.26986], [30.15003, 31.26439], [30.15277, 31.25228], [30.13996, 31.22877], [30.1489, 31.22103], [30.15499, 31.22579], [30.16592, 31.21941], [30.17138, 31.22755], [30.17342, 31.22012], [30.16061, 31.21601], [30.16502, 31.20927], [30.19591, 31.22664], [30.19181, 31.2202], [30.19835, 31.21854], [30.18814, 31.21004], [30.21581, 31.20982], [30.22227, 31.19345], [30.22474, 31.20631], [30.2311, 31.20177], [30.23472, 31.1298], [30.24021, 31.12505], [30.22444, 31.11339], [30.22776, 31.10257], [30.20628, 31.09603], [30.19372, 31.08114], [30.19596, 31.07337], [30.1781, 31.06917], [30.18341, 31.06579], [30.1672, 31.05094], [30.14053, 31.04183], [30.1653, 31.01572], [30.13081, 30.97637]], [[30.12622, 31.18276], [30.11793, 31.16793], [30.12549, 31.14616], [30.10941, 31.13036], [30.09557, 31.1313], [30.09102, 31.11199], [30.124, 31.11246], [30.11781, 31.10401], [30.13077, 31.09101], [30.14135, 31.09761], [30.15913, 31.09439], [30.16314, 31.09828], [30.15653, 31.10314], [30.17404, 31.1237], [30.15742, 31.11904], [30.14612, 31.12533], [30.15294, 31.14774], [30.13556, 31.14992], [30.12622, 31.18276]]]}}, {"type": "Feature", "properties": {"shapeID": "37247803B88656028982840", "shapeName": "Kafr Al-Shaykh"}, "geometry": {"type": "Polygon", "coordinates": [[[30.95972, 31.13421], [30.94831, 31.12604], [30.9642, 31.12219], [30.95989, 31.11548], [30.96908, 31.08073], [30.95102, 31.07873], [30.94567, 31.10949], [30.92936, 31.10751], [30.9162, 31.13712], [30.92304, 31.14841], [30.94857, 31.15244], [30.9536, 31.15945], [30.96494, 31.16025], [30.95972, 31.13421]]]}}, {"type": "Feature", "properties": {"shapeID": "37247803B58059087530492", "shapeName": "Kafr Al-Shaykh"}, "geometry": {"type": "Polygon", "coordinates": [[[31.04007, 31.29483], [31.03601, 31.2479], [31.03064, 31.24274], [31.03473, 31.22764], [31.07432, 31.24009], [31.06094, 31.22673], [31.0658, 31.21746], [31.0722, 31.21954], [31.06921, 31.20514], [31.0851, 31.20097], [31.05662, 31.16014], [31.05829, 31.09945], [31.04869, 31.07809], [31.05365, 31.0724], [31.03453, 31.05544], [31.02531, 31.03503], [31.00076, 31.04452], [30.99218, 31.04041], [30.98074, 31.04504], [30.97216, 31.03778], [30.9487, 31.05116], [30.93125, 31.03566], [30.91102, 31.02963], [30.90641, 31.043], [30.91258, 31.0558], [30.91099, 31.07393], [30.87165, 31.06788], [30.86331, 31.08393], [30.86737, 31.102], [30.88293, 31.10123], [30.86948, 31.13975], [30.82562, 31.14571], [30.81792, 31.15653], [30.80426, 31.16114], [30.79516, 31.18868], [30.82997, 31.19786], [30.84601, 31.20907], [30.85516, 31.20161], [30.88029, 31.19829], [30.88421, 31.2004], [30.87782, 31.20854], [30.89357, 31.21627], [30.91022, 31.21548], [30.9078, 31.1848], [30.98611, 31.21359], [31.00517, 31.21068], [31.00165, 31.23462], [30.98626, 31.23824], [30.97783, 31.2774], [30.97863, 31.2866], [30.98963, 31.2871], [31.00429, 31.29891], [30.99051, 31.33806], [31.00661, 31.37087], [31.04007, 31.29483]], [[30.96494, 31.16025], [30.9536, 31.15945], [30.94857, 31.15244], [30.92304, 31.14841], [30.9162, 31.13712], [30.92936, 31.10751], [30.94567, 31.10949], [30.95102, 31.07873], [30.96908, 31.08073], [30.95989, 31.11548], [30.9642, 31.12219], [30.94831, 31.12604], [30.95972, 31.13421], [30.96494, 31.16025]]]}}, {"type": "Feature", "properties": {"shapeID": "37247803B98548852573050", "shapeName": "Kafr Al-Zayyat"}, "geometry": {"type": "Polygon", "coordinates": [[[30.79446, 30.9056], [30.79851, 30.91524], [30.80758, 30.91626], [30.8106, 30.90419], [30.82483, 30.89268], [30.82431, 30.90531], [30.84421, 30.90574], [30.85359, 30.88757], [30.85169, 30.87563], [30.86219, 30.88618], [30.87203, 30.88577], [30.87318, 30.86433], [30.885, 30.86224], [30.88363, 30.84915], [30.87153, 30.84596], [30.88199, 30.83354], [30.87549, 30.80806], [30.88432, 30.79127], [30.89533, 30.78964], [30.89572, 30.73944], [30.88675, 30.73687], [30.89465, 30.73383], [30.89576, 30.72395], [30.8702, 30.71642], [30.85603, 30.73483], [30.84778, 30.71803], [30.82631, 30.71838], [30.82367, 30.73411], [30.81778, 30.73553], [30.81467, 30.7179], [30.80513, 30.71772], [30.79212, 30.69717], [30.76712, 30.71469], [30.76451, 30.72111], [30.7908, 30.73279], [30.79919, 30.75147], [30.7847, 30.76565], [30.76161, 30.75982], [30.75735, 30.77484], [30.81497, 30.82094], [30.80104, 30.82996], [30.76542, 30.82082], [30.79691, 30.8534], [30.79067, 30.87117], [30.7588, 30.88422], [30.76624, 30.89732], [30.78396, 30.89091], [30.77767, 30.90864], [30.79446, 30.9056]]]}}, {"type": "Feature", "properties": {"shapeID": "37247803B5447548481781", "shapeName": "Kafr Sad"}, "geometry": {"type": "Polygon", "coordinates": [[[31.47879, 31.36515], [31.51116, 31.39983], [31.55149, 31.42568], [31.56524, 31.44456], [31.63085, 31.45344], [31.63047, 31.40057], [31.6732, 31.39896], [31.78434, 31.42253], [31.78694, 31.41122], [31.76991, 31.39683], [31.75582, 31.4101], [31.74948, 31.3924], [31.73412, 31.37785], [31.71365, 31.37912], [31.71615, 31.34918], [31.71043, 31.32916], [31.68893, 31.30297], [31.69256, 31.28311], [31.68497, 31.27851], [31.67308, 31.29168], [31.65727, 31.28929], [31.65156, 31.28201], [31.66418, 31.27114], [31.65157, 31.26394], [31.60553, 31.30424], [31.60136, 31.29626], [31.55155, 31.32085], [31.54597, 31.34044], [31.56642, 31.35308], [31.49695, 31.35459], [31.47879, 31.36515]]]}}, {"type": "Feature", "properties": {"shapeID": "37247803B80912790531935", "shapeName": "Kafr Saqr"}, "geometry": {"type": "Polygon", "coordinates": [[[31.76165, 30.81495], [31.75117, 30.80893], [31.74292, 30.81964], [31.72985, 30.81797], [31.72016, 30.7897], [31.69503, 30.78983], [31.68949, 30.78371], [31.68155, 30.78933], [31.67206, 30.7868], [31.66371, 30.77605], [31.66525, 30.76549], [31.64378, 30.74994], [31.63479, 30.76806], [31.59484, 30.7677], [31.58025, 30.77735], [31.5636, 30.75623], [31.55176, 30.76817], [31.55506, 30.77512], [31.54411, 30.77804], [31.57563, 30.79071], [31.57338, 30.8141], [31.59356, 30.82116], [31.59534, 30.84003], [31.63271, 30.84934], [31.64245, 30.87669], [31.6176, 30.9013], [31.62636, 30.9213], [31.66781, 30.92082], [31.68194, 30.9071], [31.69024, 30.88039], [31.70129, 30.89069], [31.7106, 30.8862], [31.71525, 30.8934], [31.72007, 30.88756], [31.7132, 30.88225], [31.71509, 30.87416], [31.73325, 30.87636], [31.75411, 30.86693], [31.7568, 30.86278], [31.74377, 30.85316], [31.74169, 30.84229], [31.75434, 30.84514], [31.76165, 30.81495]]]}}, {"type": "Feature", "properties": {"shapeID": "37247803B61393331220836", "shapeName": "Kafr Shukr"}, "geometry": {"type": "Polygon", "coordinates": [[[31.25421, 30.49906], [31.24581, 30.51554], [31.23498, 30.50904], [31.22398, 30.51143], [31.22663, 30.54753], [31.25026, 30.54035], [31.25957, 30.54394], [31.2445, 30.56385], [31.26493, 30.58639], [31.26589, 30.61506], [31.26836, 30.60173], [31.2823, 30.60707], [31.28381, 30.59086], [31.29656, 30.58759], [31.32057, 30.59432], [31.32992, 30.61092], [31.34172, 30.60805], [31.34703, 30.59803], [31.33422, 30.58583], [31.33236, 30.574], [31.30891, 30.57692], [31.29575, 30.5702], [31.30208, 30.54563], [31.28844, 30.54061], [31.28443, 30.53101], [31.29032, 30.52065], [31.26922, 30.49357], [31.25421, 30.49906]]]}}, {"type": "Feature", "properties": {"shapeID": "37247803B74669546915316", "shapeName": "Kardasa"}, "geometry": {"type": "Polygon", "coordinates": [[[31.19382, 30.04782], [31.17816, 30.05247], [31.18349, 30.03915], [31.17861, 30.04056], [31.18092, 30.03187], [31.17376, 30.02587], [31.17754, 30.0093], [31.15271, 30.01711], [31.14572, 30.03], [31.13751, 30.02843], [31.14022, 30.01298], [31.13292, 30.013], [31.13253, 30.00583], [31.12471, 30.01342], [31.11757, 30.00821], [31.12186, 30.0008], [31.11767, 29.99814], [31.10602, 30.01346], [31.10197, 30.0396], [31.06235, 30.08125], [31.06988, 30.09429], [31.11853, 30.1057], [31.13631, 30.09771], [31.13549, 30.08955], [31.14882, 30.08857], [31.15711, 30.06767], [31.19101, 30.0612], [31.19382, 30.04782]]]}}, {"type": "Feature", "properties": {"shapeID": "37247803B60489712487225", "shapeName": "Karmuz"}, "geometry": {"type": "Polygon", "coordinates": [[[29.90168, 31.19019], [29.91641, 31.17569], [29.89887, 31.16858], [29.88978, 31.17578], [29.89583, 31.18057], [29.89222, 31.18655], [29.90168, 31.19019]]]}}, {"type": "Feature", "properties": {"shapeID": "37247803B38602183359422", "shapeName": "Kawther"}, "geometry": {"type": "Polygon", "coordinates": [[[31.71792, 26.55313], [31.71542, 26.56248], [31.73651, 26.55185], [31.71792, 26.55313]]]}}, {"type": "Feature", "properties": {"shapeID": "37247803B97028957261557", "shapeName": "Kesm Al-minya"}, "geometry": {"type": "Polygon", "coordinates": [[[30.78038, 28.06511], [30.77146, 28.06289], [30.75815, 28.07709], [30.73544, 28.07219], [30.7363, 28.08149], [30.71323, 28.11251], [30.71892, 28.11286], [30.72027, 28.12071], [30.74918, 28.1257], [30.78038, 28.06511]]]}}, {"type": "Feature", "properties": {"shapeID": "37247803B33059704038679", "shapeName": "Kesm Awal Assuit"}, "geometry": {"type": "Polygon", "coordinates": [[[31.1533, 27.17679], [31.13678, 27.18272], [31.13065, 27.19956], [31.14682, 27.20898], [31.15593, 27.19219], [31.16532, 27.19459], [31.18873, 27.17051], [31.16643, 27.16272], [31.1423, 27.16701], [31.1533, 27.17679]]]}}, {"type": "Feature", "properties": {"shapeID": "37247803B87955288089668", "shapeName": "Kesm Mallawi"}, "geometry": {"type": "Polygon", "coordinates": [[[30.86426, 27.72848], [30.84399, 27.72208], [30.84076, 27.71439], [30.82322, 27.7139], [30.81927, 27.70691], [30.80724, 27.70539], [30.81425, 27.71656], [30.80513, 27.75178], [30.84225, 27.75258], [30.84574, 27.73696], [30.86853, 27.74322], [30.86426, 27.72848]]]}}, {"type": "Feature", "properties": {"shapeID": "37247803B59901173509251", "shapeName": "Kesm Tahta"}, "geometry": {"type": "Polygon", "coordinates": [[[31.46758, 26.75881], [31.4701, 26.77811], [31.48147, 26.78708], [31.48941, 26.77732], [31.50966, 26.78075], [31.51601, 26.75763], [31.50283, 26.76151], [31.50462, 26.75047], [31.49783, 26.74574], [31.46758, 26.75881]]]}}, {"type": "Feature", "properties": {"shapeID": "37247803B61972877463363", "shapeName": "Kesm than Al Raml"}, "geometry": {"type": "Polygon", "coordinates": [[[29.9679, 31.17929], [29.95419, 31.19778], [29.98879, 31.20901], [29.96198, 31.2188], [29.95768, 31.23097], [29.97026, 31.24326], [29.96992, 31.23564], [29.9837, 31.24239], [29.97623, 31.23147], [29.98011, 31.22532], [30.04172, 31.19693], [30.03691, 31.18543], [29.9679, 31.17929]]]}}, {"type": "Feature", "properties": {"shapeID": "37247803B53748377361433", "shapeName": "Kesm Than Assuit"}, "geometry": {"type": "Polygon", "coordinates": [[[31.18873, 27.17051], [31.16532, 27.19459], [31.15593, 27.19219], [31.14682, 27.20898], [31.15916, 27.21578], [31.18449, 27.20669], [31.20296, 27.17764], [31.18873, 27.17051]]]}}, {"type": "Feature", "properties": {"shapeID": "37247803B74269871636707", "shapeName": "Khsos"}, "geometry": {"type": "Polygon", "coordinates": [[[31.32989, 30.16678], [31.32248, 30.14244], [31.30588, 30.14757], [31.31211, 30.17044], [31.32989, 30.16678]]]}}, {"type": "Feature", "properties": {"shapeID": "37247803B37481118609375", "shapeName": "Kum Hamada"}, "geometry": {"type": "Polygon", "coordinates": [[[30.61567, 30.7106], [30.58678, 30.72558], [30.59265, 30.74988], [30.60553, 30.76324], [30.61255, 30.76156], [30.61252, 30.77432], [30.59342, 30.79901], [30.60037, 30.80571], [30.61906, 30.79759], [30.61294, 30.82661], [30.6315, 30.82347], [30.63203, 30.81283], [30.6415, 30.81289], [30.65095, 30.7987], [30.6752, 30.80068], [30.66864, 30.81864], [30.67962, 30.82684], [30.69939, 30.82545], [30.7026, 30.81156], [30.69444, 30.80476], [30.70929, 30.79415], [30.71523, 30.81774], [30.72218, 30.81527], [30.71855, 30.80631], [30.74883, 30.81291], [30.74988, 30.82157], [30.75787, 30.82426], [30.77087, 30.81685], [30.79365, 30.82809], [30.81028, 30.82496], [30.80962, 30.81548], [30.75663, 30.77905], [30.75449, 30.76952], [30.76198, 30.75736], [30.78283, 30.76304], [30.79676, 30.75028], [30.78947, 30.73387], [30.7665, 30.72632], [30.76247, 30.71715], [30.80296, 30.68444], [30.7872, 30.64555], [30.7988, 30.62554], [30.79515, 30.61242], [30.81793, 30.58497], [30.83755, 30.58491], [30.81523, 30.56242], [30.81685, 30.5458], [30.82829, 30.54154], [30.84606, 30.54578], [30.85186, 30.54073], [30.82995, 30.50057], [30.83602, 30.48546], [30.81933, 30.48109], [30.80993, 30.49761], [30.80363, 30.49361], [30.80029, 30.5226], [30.76689, 30.54333], [30.75781, 30.56088], [30.75383, 30.58079], [30.77714, 30.62711], [30.75533, 30.62573], [30.77086, 30.63514], [30.75648, 30.64985], [30.74609, 30.67359], [30.72759, 30.68352], [30.71349, 30.68066], [30.69649, 30.69491], [30.66058, 30.69598], [30.65656, 30.70592], [30.61567, 30.7106]]]}}, {"type": "Feature", "properties": {"shapeID": "37247803B5042289926655", "shapeName": "Kum Umbu"}, "geometry": {"type": "MultiPolygon", "coordinates": [[[[32.92055, 24.41743], [32.93683, 24.43274], [32.93964, 24.46446], [32.92743, 24.47487], [32.91239, 24.46338], [32.88034, 24.46506], [32.87329, 24.48053], [32.87789, 24.48112], [32.87388, 24.49446], [32.88481, 24.51865], [32.90959, 24.55351], [32.91208, 24.57677], [32.92465, 24.57799], [32.94497, 24.57327], [32.9694, 24.5514], [32.99154, 24.55162], [33.00627, 24.55881], [33.00268, 24.53281], [33.0161, 24.49776], [33.01553, 24.47003], [33.02205, 24.45732], [32.99881, 24.42595], [33.00079, 24.42124], [32.98004, 24.41904], [32.94334, 24.39407], [32.93811, 24.38386], [32.92522, 24.38169], [32.92055, 24.41743]]], [[[32.89758, 24.85854], [32.90656, 24.84139], [32.92177, 24.8316], [32.91799, 24.81978], [32.93225, 24.79173], [32.93941, 24.75875], [32.94725, 24.67325], [32.96054, 24.65994], [32.94822, 24.66212], [32.94517, 24.64953], [32.93845, 24.65054], [32.93705, 24.62406], [32.92678, 24.59888], [32.9197, 24.6094], [32.93286, 24.63479], [32.9394, 24.70347], [32.93015, 24.72327], [32.92602, 24.78233], [32.88927, 24.85743], [32.89758, 24.85854]]], [[[32.93177, 24.65166], [32.93138, 24.6444], [32.90651, 24.59011], [32.89524, 24.54113], [32.87898, 24.52284], [32.86916, 24.48733], [32.87057, 24.47575], [32.86579, 24.47476], [32.85764, 24.48719], [32.86139, 24.51911], [32.87204, 24.5482], [32.88901, 24.57127], [32.89333, 24.62602], [32.9214, 24.65325], [32.93177, 24.65166]]]]}}, {"type": "Feature", "properties": {"shapeID": "37247803B96963536963151", "shapeName": "Luxor"}, "geometry": {"type": "MultiPolygon", "coordinates": [[[[32.71001, 25.68606], [32.69956, 25.67632], [32.67787, 25.66961], [32.65784, 25.68085], [32.65125, 25.69208], [32.62684, 25.67896], [32.66365, 25.74411], [32.70937, 25.69708], [32.71001, 25.68606]]], [[[32.64149, 25.70999], [32.59881, 25.7267], [32.63666, 25.74928], [32.65633, 25.77457], [32.6731, 25.76628], [32.64149, 25.70999]]]]}}, {"type": "Feature", "properties": {"shapeID": "37247803B46466496002040", "shapeName": "Luxor"}, "geometry": {"type": "MultiPolygon", "coordinates": [[[[32.65633, 25.77457], [32.67361, 25.79348], [32.70217, 25.80331], [32.69979, 25.81758], [32.71534, 25.8152], [32.72721, 25.80257], [32.73109, 25.78475], [32.68718, 25.77645], [32.6731, 25.76628], [32.65633, 25.77457]]], [[[32.47581, 25.54747], [32.47298, 25.55324], [32.47951, 25.58586], [32.50396, 25.59912], [32.56329, 25.60402], [32.62613, 25.66356], [32.62684, 25.67896], [32.63165, 25.67696], [32.6369, 25.68853], [32.65125, 25.69208], [32.65784, 25.68085], [32.67787, 25.66961], [32.61354, 25.63806], [32.60074, 25.62589], [32.59772, 25.61015], [32.59281, 25.61628], [32.57974, 25.61646], [32.59065, 25.60288], [32.57222, 25.61097], [32.56689, 25.60438], [32.57513, 25.59421], [32.53243, 25.57771], [32.49782, 25.54791], [32.47581, 25.54747]]], [[[32.57909, 25.66514], [32.54645, 25.69064], [32.58581, 25.71069], [32.5911, 25.72244], [32.60684, 25.72625], [32.64149, 25.70999], [32.5961, 25.64226], [32.57909, 25.66514]]]]}}, {"type": "Feature", "properties": {"shapeID": "37247803B90563077233192", "shapeName": "Maadi"}, "geometry": {"type": "Polygon", "coordinates": [[[31.24901, 29.96765], [31.24578, 29.97853], [31.25725, 29.96263], [31.27082, 29.9727], [31.29167, 29.96167], [31.3222, 29.97011], [31.46074, 29.97596], [31.48054, 29.96493], [31.32216, 29.96013], [31.31604, 29.95561], [31.29122, 29.96001], [31.26682, 29.94827], [31.24442, 29.96506], [31.24901, 29.96765]]]}}, {"type": "Feature", "properties": {"shapeID": "37247803B60267904610722", "shapeName": "Madinat Nasr-2"}, "geometry": {"type": "Polygon", "coordinates": [[[31.31519, 30.02779], [31.28793, 30.04838], [31.28865, 30.05695], [31.28092, 30.05647], [31.29349, 30.07071], [31.31363, 30.07866], [31.3397, 30.01733], [31.31519, 30.02779]]]}}, {"type": "Feature", "properties": {"shapeID": "37247803B51586038654960", "shapeName": "Mahalet Demna"}, "geometry": {"type": "Polygon", "coordinates": [[[31.52217, 31.12594], [31.49639, 31.10383], [31.52401, 31.09777], [31.53265, 31.08741], [31.51248, 31.08139], [31.52898, 31.0634], [31.56889, 31.07097], [31.58834, 31.05295], [31.53939, 31.0558], [31.53532, 31.05475], [31.54427, 31.05159], [31.54197, 31.04474], [31.5187, 31.04183], [31.48999, 31.05646], [31.48499, 31.07507], [31.49852, 31.09323], [31.49492, 31.0983], [31.49584, 31.10959], [31.47748, 31.12689], [31.52083, 31.13564], [31.52217, 31.12594]]]}}, {"type": "Feature", "properties": {"shapeID": "37247803B38708414170128", "shapeName": "Manfalut"}, "geometry": {"type": "MultiPolygon", "coordinates": [[[[30.85462, 27.33052], [30.87331, 27.32875], [30.85383, 27.34044], [30.85422, 27.34935], [30.86874, 27.35207], [30.87104, 27.36167], [30.85919, 27.37095], [30.86072, 27.37575], [30.84314, 27.37577], [30.84467, 27.38091], [30.88098, 27.37365], [30.92302, 27.38673], [30.92694, 27.37986], [30.97454, 27.37019], [30.97084, 27.36005], [30.95496, 27.34975], [30.9552, 27.33673], [30.99863, 27.32799], [31.01584, 27.28518], [31.04099, 27.27074], [31.0315, 27.26201], [31.04294, 27.25688], [31.04461, 27.23989], [31.03506, 27.23409], [31.03431, 27.24061], [31.02668, 27.24166], [31.01367, 27.22489], [31.03118, 27.20184], [30.93089, 27.24463], [30.93423, 27.27103], [30.92544, 27.26933], [30.92507, 27.27688], [30.91555, 27.279], [30.90637, 27.27246], [30.88513, 27.29752], [30.83805, 27.32038], [30.85462, 27.33052]]], [[[30.93203, 27.38249], [30.92662, 27.39359], [30.92954, 27.40449], [30.94489, 27.39755], [30.95675, 27.38476], [30.93203, 27.38249]]]]}}, {"type": "Feature", "properties": {"shapeID": "37247803B21688775597596", "shapeName": "Manzala"}, "geometry": {"type": "Polygon", "coordinates": [[[31.97251, 31.11039], [31.94285, 31.08857], [31.85549, 31.07103], [31.86047, 31.09988], [31.8543, 31.11572], [31.82195, 31.11425], [31.82254, 31.12043], [31.83652, 31.11996], [31.83946, 31.13226], [31.86293, 31.15433], [31.8616, 31.18489], [31.87987, 31.19774], [31.89501, 31.23327], [31.96119, 31.23596], [31.99855, 31.22905], [31.99162, 31.20691], [31.97755, 31.20287], [31.97439, 31.16415], [32.00964, 31.17084], [32.01481, 31.15383], [32.05481, 31.1583], [32.05778, 31.14042], [32.07624, 31.13196], [32.08322, 31.12089], [32.07016, 31.11659], [32.07591, 31.11296], [31.97251, 31.11039]]]}}, {"type": "Feature", "properties": {"shapeID": "37247803B51665438591487", "shapeName": "Marg"}, "geometry": {"type": "Polygon", "coordinates": [[[31.33776, 30.16975], [31.33973, 30.16398], [31.35961, 30.16639], [31.36631, 30.15473], [31.37693, 30.16221], [31.37747, 30.17937], [31.40116, 30.17524], [31.37866, 30.15028], [31.36361, 30.14258], [31.32843, 30.14224], [31.32049, 30.13227], [31.3151, 30.13351], [31.31662, 30.14218], [31.32248, 30.14244], [31.3298, 30.15684], [31.32989, 30.16678], [31.32167, 30.17178], [31.33776, 30.16975]]]}}, {"type": "Feature", "properties": {"shapeID": "37247803B9734537557155", "shapeName": "Markz Abu Qurqas"}, "geometry": {"type": "MultiPolygon", "coordinates": [[[[30.83901, 27.87149], [30.86807, 27.92875], [30.87269, 27.95177], [30.86792, 27.97405], [30.8503, 27.99762], [30.84546, 28.03714], [30.87652, 27.96476], [30.87684, 27.94822], [30.86453, 27.89578], [30.84421, 27.87286], [30.84488, 27.85805], [30.83938, 27.858], [30.83901, 27.87149]]], [[[30.84061, 28.00727], [30.86841, 27.9594], [30.86395, 27.93623], [30.83134, 27.86941], [30.83719, 27.85762], [30.80685, 27.85435], [30.8015, 27.86161], [30.76217, 27.8456], [30.74931, 27.86419], [30.76052, 27.86995], [30.76132, 27.87917], [30.74963, 27.89227], [30.71777, 27.88653], [30.70727, 27.89321], [30.6869, 27.88265], [30.6816, 27.8876], [30.67922, 27.89997], [30.68469, 27.90791], [30.66942, 27.9582], [30.66866, 27.98466], [30.6948, 27.99556], [30.70733, 27.99077], [30.75788, 28.01566], [30.77623, 28.00419], [30.78829, 28.01778], [30.81301, 28.02105], [30.8015, 28.0268], [30.80448, 28.03146], [30.83459, 28.0333], [30.84061, 28.00727]]]]}}, {"type": "Feature", "properties": {"shapeID": "37247803B26025252880900", "shapeName": "Markz Al Idwa"}, "geometry": {"type": "Polygon", "coordinates": [[[30.77848, 28.75813], [30.77893, 28.76239], [30.79373, 28.74516], [30.79638, 28.75632], [30.81189, 28.7619], [30.81235, 28.7458], [30.83399, 28.74874], [30.84251, 28.731], [30.82283, 28.70004], [30.80201, 28.70054], [30.7967, 28.68432], [30.78264, 28.68169], [30.76969, 28.64281], [30.74827, 28.66677], [30.73474, 28.66695], [30.74122, 28.63809], [30.72147, 28.63768], [30.71486, 28.64386], [30.70377, 28.63653], [30.64612, 28.62672], [30.63587, 28.65304], [30.65225, 28.6749], [30.64513, 28.69138], [30.6489, 28.69913], [30.65752, 28.7035], [30.67576, 28.6938], [30.68754, 28.7217], [30.71401, 28.74499], [30.72063, 28.76771], [30.77848, 28.75813]]]}}, {"type": "Feature", "properties": {"shapeID": "37247803B71676379887746", "shapeName": "Markz Al Minya"}, "geometry": {"type": "MultiPolygon", "coordinates": [[[[30.82922, 28.04468], [30.80603, 28.06825], [30.77819, 28.08341], [30.76262, 28.11109], [30.74192, 28.17275], [30.76894, 28.19971], [30.76637, 28.2088], [30.77415, 28.19287], [30.77098, 28.109], [30.84546, 28.03714], [30.82922, 28.04468]]], [[[30.72027, 28.12071], [30.71892, 28.11286], [30.71323, 28.11251], [30.7363, 28.08149], [30.73544, 28.07219], [30.75815, 28.07709], [30.77146, 28.06289], [30.78038, 28.06511], [30.77682, 28.07826], [30.79527, 28.06956], [30.83562, 28.03354], [30.80448, 28.03146], [30.8015, 28.0268], [30.81301, 28.02105], [30.78829, 28.01778], [30.77623, 28.00419], [30.75788, 28.01566], [30.70733, 27.99077], [30.6948, 27.99556], [30.66866, 27.98466], [30.66148, 27.98784], [30.6646, 27.9979], [30.64976, 27.99827], [30.6437, 28.01241], [30.6426, 28.03448], [30.64934, 28.0337], [30.65217, 28.04389], [30.64157, 28.05378], [30.64769, 28.05668], [30.62903, 28.05857], [30.62503, 28.07275], [30.62794, 28.07972], [30.6465, 28.08412], [30.62729, 28.08477], [30.62347, 28.09205], [30.60029, 28.08724], [30.56558, 28.09344], [30.54419, 28.12168], [30.56268, 28.15335], [30.58419, 28.15441], [30.60237, 28.16632], [30.60664, 28.17908], [30.62069, 28.17621], [30.66753, 28.18643], [30.69515, 28.17965], [30.69724, 28.19857], [30.70441, 28.20148], [30.70305, 28.21388], [30.71282, 28.21684], [30.72702, 28.2084], [30.74233, 28.217], [30.73495, 28.20212], [30.73976, 28.19624], [30.74463, 28.20831], [30.76262, 28.2094], [30.73718, 28.17147], [30.74918, 28.1257], [30.72027, 28.12071]]]]}}, {"type": "Feature", "properties": {"shapeID": "37247803B20583905741630", "shapeName": "Markz Bani Mazar"}, "geometry": {"type": "MultiPolygon", "coordinates": [[[[30.85235, 28.46867], [30.83116, 28.49345], [30.82408, 28.512], [30.84292, 28.56714], [30.85338, 28.57892], [30.87035, 28.5261], [30.87887, 28.51752], [30.86999, 28.51965], [30.87021, 28.51091], [30.85445, 28.51796], [30.8625, 28.50753], [30.8644, 28.4648], [30.84619, 28.42641], [30.84078, 28.42859], [30.85235, 28.46867]]], [[[30.81922, 28.52451], [30.82468, 28.49269], [30.8469, 28.46749], [30.8365, 28.43215], [30.81176, 28.44071], [30.81515, 28.45044], [30.82806, 28.453], [30.81556, 28.45459], [30.80808, 28.46319], [30.77151, 28.45232], [30.75981, 28.46312], [30.74028, 28.45581], [30.71735, 28.45902], [30.71801, 28.45397], [30.69745, 28.44617], [30.69113, 28.44972], [30.69251, 28.45619], [30.67364, 28.46316], [30.66244, 28.4551], [30.64891, 28.45619], [30.65151, 28.49444], [30.6498, 28.49993], [30.63417, 28.5019], [30.63348, 28.50833], [30.65619, 28.53274], [30.65041, 28.53539], [30.65777, 28.53893], [30.65539, 28.54464], [30.64911, 28.54686], [30.6504, 28.55607], [30.65776, 28.55426], [30.65318, 28.57035], [30.68094, 28.57838], [30.68729, 28.57437], [30.69166, 28.58597], [30.72027, 28.60452], [30.73857, 28.60029], [30.73473, 28.58825], [30.73907, 28.58143], [30.72889, 28.5734], [30.76557, 28.56127], [30.7726, 28.55083], [30.77952, 28.56431], [30.79293, 28.56827], [30.79733, 28.57894], [30.81528, 28.58805], [30.83564, 28.57137], [30.81922, 28.52451]]]]}}, {"type": "Feature", "properties": {"shapeID": "37247803B40134172984025", "shapeName": "Markz Dir Mawas"}, "geometry": {"type": "MultiPolygon", "coordinates": [[[[30.86016, 27.60554], [30.86604, 27.62779], [30.89378, 27.64796], [30.90519, 27.6715], [30.90368, 27.65189], [30.87694, 27.60768], [30.86016, 27.60554]]], [[[30.84006, 27.61244], [30.83148, 27.60683], [30.82983, 27.59071], [30.80269, 27.59913], [30.79074, 27.59332], [30.77302, 27.61092], [30.76024, 27.61628], [30.75618, 27.60975], [30.73258, 27.62965], [30.72739, 27.62795], [30.73094, 27.60222], [30.71061, 27.60103], [30.71217, 27.61026], [30.67609, 27.60762], [30.6733, 27.63203], [30.68002, 27.63125], [30.67858, 27.64687], [30.68048, 27.65335], [30.68722, 27.65166], [30.68618, 27.67188], [30.69775, 27.68271], [30.69702, 27.69098], [30.71091, 27.6922], [30.71576, 27.70381], [30.73021, 27.7032], [30.73706, 27.71761], [30.75661, 27.71894], [30.75589, 27.68626], [30.76615, 27.66761], [30.76375, 27.66066], [30.77313, 27.65626], [30.79143, 27.66584], [30.79213, 27.69991], [30.81927, 27.70691], [30.82528, 27.71394], [30.82807, 27.6904], [30.84267, 27.69819], [30.84744, 27.68623], [30.88722, 27.6924], [30.89733, 27.67814], [30.89272, 27.65277], [30.86354, 27.63204], [30.85562, 27.60287], [30.84006, 27.61244]]]]}}, {"type": "Feature", "properties": {"shapeID": "37247803B21152276423955", "shapeName": "Markz Maghagha"}, "geometry": {"type": "MultiPolygon", "coordinates": [[[[30.84729, 28.5765], [30.84893, 28.623], [30.86042, 28.64621], [30.87405, 28.65749], [30.89618, 28.70972], [30.90119, 28.70807], [30.90335, 28.69855], [30.89687, 28.69584], [30.8933, 28.67863], [30.88205, 28.67125], [30.8715, 28.63619], [30.88973, 28.60333], [30.88513, 28.60002], [30.87239, 28.61081], [30.87575, 28.60122], [30.85971, 28.5986], [30.86199, 28.59036], [30.85522, 28.59115], [30.85338, 28.57892], [30.84729, 28.5765]]], [[[30.86166, 28.71719], [30.87967, 28.71895], [30.8709, 28.71005], [30.8759, 28.68543], [30.87044, 28.66226], [30.84071, 28.63186], [30.84537, 28.60361], [30.83564, 28.57137], [30.81528, 28.58805], [30.79733, 28.57894], [30.79293, 28.56827], [30.77952, 28.56431], [30.7726, 28.55083], [30.76557, 28.56127], [30.72889, 28.5734], [30.73907, 28.58143], [30.73473, 28.58825], [30.73857, 28.60029], [30.72027, 28.60452], [30.69166, 28.58597], [30.68729, 28.57437], [30.68094, 28.57838], [30.63412, 28.56775], [30.62984, 28.58152], [30.64609, 28.59215], [30.64612, 28.62672], [30.70377, 28.63653], [30.71486, 28.64386], [30.72147, 28.63768], [30.74122, 28.63809], [30.73474, 28.66695], [30.74827, 28.66677], [30.76969, 28.64281], [30.78264, 28.68169], [30.7967, 28.68432], [30.80201, 28.70054], [30.82283, 28.70004], [30.84251, 28.731], [30.86166, 28.71719]]], [[[30.84615, 28.63425], [30.85649, 28.64443], [30.85487, 28.63757], [30.84621, 28.62676], [30.84615, 28.63425]]]]}}, {"type": "Feature", "properties": {"shapeID": "37247803B90937698610862", "shapeName": "Markz Mallawi"}, "geometry": {"type": "MultiPolygon", "coordinates": [[[[30.87389, 27.72162], [30.87907, 27.73294], [30.87601, 27.74912], [30.9015, 27.78607], [30.88839, 27.79972], [30.8747, 27.80612], [30.83688, 27.81603], [30.83017, 27.83026], [30.84282, 27.84865], [30.86014, 27.82537], [30.8793, 27.82146], [30.87665, 27.81212], [30.90864, 27.79844], [30.90603, 27.78718], [30.91427, 27.77715], [30.90332, 27.77301], [30.89349, 27.75014], [30.89826, 27.73878], [30.89063, 27.74013], [30.88454, 27.71675], [30.89409, 27.69558], [30.89017, 27.69348], [30.87389, 27.72162]]], [[[30.84574, 27.73696], [30.84225, 27.75258], [30.80513, 27.75178], [30.81439, 27.71104], [30.79213, 27.69991], [30.79332, 27.67278], [30.78747, 27.65932], [30.76586, 27.6584], [30.75589, 27.68626], [30.75661, 27.71894], [30.73706, 27.71761], [30.73021, 27.7032], [30.70946, 27.70827], [30.71218, 27.72306], [30.71933, 27.72506], [30.71773, 27.74712], [30.7228, 27.75045], [30.7123, 27.75849], [30.72427, 27.79418], [30.70088, 27.84108], [30.69764, 27.88586], [30.70727, 27.89321], [30.71777, 27.88653], [30.74963, 27.89227], [30.76132, 27.87917], [30.76052, 27.86995], [30.74931, 27.86419], [30.76217, 27.8456], [30.8015, 27.86161], [30.80685, 27.85435], [30.83719, 27.85762], [30.83721, 27.84773], [30.82837, 27.84036], [30.83252, 27.81505], [30.89441, 27.79191], [30.89428, 27.77981], [30.87866, 27.77178], [30.86853, 27.74322], [30.84574, 27.73696]]], [[[30.86426, 27.72848], [30.88722, 27.6924], [30.84744, 27.68623], [30.84267, 27.69819], [30.82807, 27.6904], [30.82739, 27.71168], [30.86426, 27.72848]]]]}}, {"type": "Feature", "properties": {"shapeID": "37247803B33553459827704", "shapeName": "Markz Matay"}, "geometry": {"type": "MultiPolygon", "coordinates": [[[[30.6498, 28.49993], [30.65151, 28.49444], [30.64891, 28.45619], [30.66244, 28.4551], [30.67364, 28.46316], [30.69251, 28.45619], [30.69113, 28.44972], [30.69745, 28.44617], [30.71801, 28.45397], [30.71735, 28.45902], [30.74028, 28.45581], [30.75981, 28.46312], [30.77151, 28.45232], [30.80808, 28.46319], [30.81556, 28.45459], [30.82806, 28.453], [30.81515, 28.45044], [30.81176, 28.44071], [30.8365, 28.43215], [30.81436, 28.40648], [30.77601, 28.3784], [30.76699, 28.38274], [30.74312, 28.36659], [30.72767, 28.38237], [30.7116, 28.36225], [30.69024, 28.36594], [30.6846, 28.38285], [30.69374, 28.3904], [30.65768, 28.40022], [30.64035, 28.42701], [30.63203, 28.42775], [30.62204, 28.41326], [30.62021, 28.42335], [30.59734, 28.41964], [30.58468, 28.42913], [30.58384, 28.43769], [30.59627, 28.44577], [30.62429, 28.44507], [30.62911, 28.45898], [30.62484, 28.48236], [30.64045, 28.50019], [30.6498, 28.49993]]], [[[30.78687, 28.38336], [30.82509, 28.40684], [30.82333, 28.39475], [30.81286, 28.39747], [30.78234, 28.37406], [30.78687, 28.38336]]]]}}, {"type": "Feature", "properties": {"shapeID": "37247803B46419468197970", "shapeName": "Markz Samalut"}, "geometry": {"type": "MultiPolygon", "coordinates": [[[[30.74938, 28.23767], [30.75293, 28.25874], [30.74694, 28.27486], [30.74316, 28.27748], [30.74115, 28.28782], [30.74443, 28.30909], [30.76397, 28.33725], [30.77379, 28.37118], [30.77899, 28.37623], [30.77361, 28.35656], [30.78262, 28.35106], [30.77042, 28.35091], [30.77558, 28.3313], [30.75932, 28.32245], [30.74518, 28.29643], [30.76927, 28.20948], [30.74938, 28.23767]]], [[[30.74463, 28.20831], [30.73976, 28.19624], [30.73495, 28.20212], [30.74233, 28.217], [30.72702, 28.2084], [30.70609, 28.2167], [30.69515, 28.17965], [30.66753, 28.18643], [30.62069, 28.17621], [30.60664, 28.17908], [30.59253, 28.15933], [30.56268, 28.15335], [30.54993, 28.13949], [30.54636, 28.16123], [30.5271, 28.19632], [30.52622, 28.23446], [30.51814, 28.25135], [30.521, 28.29237], [30.54071, 28.30083], [30.60213, 28.30651], [30.60763, 28.31399], [30.60725, 28.32779], [30.59382, 28.34499], [30.59563, 28.35469], [30.5851, 28.37932], [30.60567, 28.41938], [30.62021, 28.42335], [30.62204, 28.41326], [30.63203, 28.42775], [30.64035, 28.42701], [30.65768, 28.40022], [30.69374, 28.3904], [30.6846, 28.38285], [30.69024, 28.36594], [30.7116, 28.36225], [30.72767, 28.38237], [30.74312, 28.36659], [30.76699, 28.38274], [30.77601, 28.3784], [30.73703, 28.29922], [30.73861, 28.27214], [30.75081, 28.26425], [30.74551, 28.23652], [30.76262, 28.2094], [30.74463, 28.20831]]]]}}, {"type": "Feature", "properties": {"shapeID": "37247803B19297711577028", "shapeName": "Marsa Alam"}, "geometry": {"type": "Polygon", "coordinates": [[[34.94799, 24.10869], [34.38308, 24.10017], [34.14846, 24.08255], [33.97245, 24.05931], [33.48609, 23.8822], [33.47127, 25.30657], [33.84498, 25.38028], [34.11846, 25.46105], [34.36149, 25.50028], [34.65, 25.52914], [34.65563, 25.50855], [34.66913, 25.50407], [34.68361, 25.48444], [34.68478, 25.46204], [34.70161, 25.43675], [34.69771, 25.42691], [34.7073, 25.39973], [34.73609, 25.37056], [34.76302, 25.29845], [34.79661, 25.26107], [34.81167, 25.2181], [34.80785, 25.21481], [34.85888, 25.15992], [34.86047, 25.14429], [34.87785, 25.11944], [34.87588, 25.11188], [34.88401, 25.10629], [34.8882, 25.08674], [34.90303, 25.07098], [34.93023, 25.01331], [34.9487, 24.99775], [34.95181, 24.98359], [34.94144, 24.95947], [34.97079, 24.92692], [34.99054, 24.89331], [35.00054, 24.82512], [35.08386, 24.74688], [35.09395, 24.70945], [35.08959, 24.68286], [35.09961, 24.6707], [35.11014, 24.66829], [35.10243, 24.6453], [35.12108, 24.6203], [35.11717, 24.60909], [35.12202, 24.61524], [35.13564, 24.60969], [35.15006, 24.57854], [35.1704, 24.56867], [35.17093, 24.56154], [35.15115, 24.55659], [35.15226, 24.53557], [35.13696, 24.51829], [35.16917, 24.48544], [35.19139, 24.47613], [35.20554, 24.44657], [35.22155, 24.43308], [35.22319, 24.41572], [35.26326, 24.39276], [35.27579, 24.37401], [35.30345, 24.36083], [35.30793, 24.36755], [35.32091, 24.36303], [35.32553, 24.34426], [35.35722, 24.32574], [35.41078, 24.26091], [35.41764, 24.24279], [35.41599, 24.22456], [35.42885, 24.22176], [35.42926, 24.19914], [35.4416, 24.17901], [35.46315, 24.16358], [35.46805, 24.14848], [35.48142, 24.14203], [34.94799, 24.10869]]]}}, {"type": "Feature", "properties": {"shapeID": "37247803B7137912263252", "shapeName": "Marsa Matruh"}, "geometry": {"type": "Polygon", "coordinates": [[[27.81793, 31.03797], [27.80202, 30.98308], [27.81839, 30.91323], [27.77294, 30.51363], [27.83086, 28.57875], [26.28459, 28.55092], [26.19577, 28.59001], [26.17643, 28.69788], [26.17096, 28.96972], [26.19226, 29.76543], [26.25591, 31.02066], [26.29493, 31.28901], [26.22282, 31.30305], [26.26937, 31.54563], [26.3363, 31.52377], [26.46037, 31.50759], [26.49734, 31.49244], [26.56239, 31.50397], [26.57105, 31.49411], [26.60132, 31.48693], [26.6702, 31.48815], [26.71704, 31.47922], [26.75287, 31.48248], [26.7797, 31.47164], [26.79041, 31.45863], [26.83998, 31.44066], [26.98551, 31.44026], [27.01376, 31.41123], [27.06385, 31.40704], [27.0736, 31.38347], [27.2149, 31.36913], [27.22404, 31.36709], [27.22041, 31.36118], [27.22842, 31.35591], [27.25185, 31.36153], [27.23932, 31.36617], [27.33034, 31.37184], [27.34434, 31.36756], [27.35394, 31.35519], [27.34637, 31.33799], [27.376, 31.29124], [27.38684, 31.25456], [27.43512, 31.21586], [27.46159, 31.20737], [27.55211, 31.2029], [27.57209, 31.19018], [27.63721, 31.19348], [27.64428, 31.17739], [27.6738, 31.17727], [27.72406, 31.183], [27.81275, 31.21045], [27.83719, 31.22056], [27.85853, 31.24315], [27.86718, 31.23589], [27.86863, 31.18738], [27.88069, 31.17486], [27.81793, 31.03797]]]}}, {"type": "Feature", "properties": {"shapeID": "37247803B39026546430649", "shapeName": "Mashtul Al-Suq"}, "geometry": {"type": "Polygon", "coordinates": [[[31.36867, 30.31298], [31.37342, 30.32466], [31.35094, 30.34139], [31.34126, 30.34144], [31.34282, 30.35662], [31.35401, 30.35744], [31.35304, 30.36897], [31.34329, 30.37233], [31.34667, 30.38155], [31.32967, 30.39539], [31.34312, 30.41519], [31.36397, 30.42808], [31.38186, 30.42775], [31.39417, 30.41778], [31.4085, 30.41829], [31.42041, 30.42787], [31.42262, 30.40945], [31.39252, 30.38787], [31.40074, 30.37097], [31.4118, 30.37152], [31.41524, 30.3656], [31.40111, 30.34998], [31.41184, 30.34646], [31.41119, 30.33808], [31.38396, 30.29185], [31.36867, 30.31298]]]}}, {"type": "Feature", "properties": {"shapeID": "37247803B28167369066586", "shapeName": "Matariyya"}, "geometry": {"type": "Polygon", "coordinates": [[[32.01481, 31.15383], [32.00964, 31.17084], [31.97439, 31.16415], [31.97755, 31.20287], [31.99162, 31.20691], [31.99855, 31.22905], [32.02893, 31.21491], [32.03315, 31.20284], [32.02775, 31.17579], [32.04946, 31.17553], [32.05481, 31.1583], [32.01481, 31.15383]]]}}, {"type": "Feature", "properties": {"shapeID": "37247803B6072823038125", "shapeName": "Mina Al-Basal"}, "geometry": {"type": "Polygon", "coordinates": [[[29.89222, 31.18655], [29.89583, 31.18057], [29.88978, 31.17578], [29.89887, 31.16858], [29.87264, 31.14811], [29.86526, 31.15704], [29.8517, 31.14516], [29.85229, 31.15872], [29.88298, 31.18063], [29.88336, 31.1885], [29.89222, 31.18655]]]}}, {"type": "Feature", "properties": {"shapeID": "37247803B62139513677683", "shapeName": "Minshat Nasir"}, "geometry": {"type": "Polygon", "coordinates": [[[31.28016, 30.05631], [31.28865, 30.05695], [31.28793, 30.04838], [31.3045, 30.04034], [31.30736, 30.03301], [31.29855, 30.03839], [31.28665, 30.0323], [31.28275, 30.03958], [31.27327, 30.02872], [31.26753, 30.03562], [31.28016, 30.05631]]]}}, {"type": "Feature", "properties": {"shapeID": "37247803B35886288843325", "shapeName": "Minuf"}, "geometry": {"type": "Polygon", "coordinates": [[[30.97364, 30.41166], [30.99206, 30.40457], [30.9783, 30.39227], [30.98576, 30.38475], [30.98785, 30.36839], [30.96635, 30.37854], [30.95606, 30.39693], [30.94458, 30.39627], [30.94327, 30.38919], [30.92392, 30.4002], [30.9186, 30.39297], [30.87392, 30.39013], [30.84134, 30.40447], [30.84239, 30.44124], [30.85304, 30.45468], [30.83179, 30.50134], [30.83847, 30.51723], [30.86195, 30.53066], [30.8732, 30.52397], [30.88874, 30.52545], [30.89524, 30.5361], [30.91646, 30.53951], [30.92558, 30.55193], [30.94316, 30.54716], [30.94587, 30.53309], [30.96628, 30.52113], [30.96981, 30.50773], [30.99498, 30.50989], [30.9983, 30.48318], [31.00753, 30.47783], [31.00191, 30.45692], [30.98236, 30.45497], [30.97394, 30.46598], [30.95565, 30.46962], [30.94344, 30.48715], [30.92567, 30.48274], [30.91577, 30.48986], [30.90685, 30.48284], [30.91241, 30.46994], [30.90572, 30.46159], [30.91725, 30.45534], [30.9127, 30.44038], [30.9292, 30.43418], [30.93138, 30.44743], [30.94715, 30.44777], [30.94633, 30.43972], [30.97194, 30.42036], [30.97364, 30.41166]]]}}, {"type": "Feature", "properties": {"shapeID": "37247803B55746965305944", "shapeName": "Minuf City"}, "geometry": {"type": "Polygon", "coordinates": [[[30.93138, 30.44743], [30.9292, 30.43418], [30.9127, 30.44038], [30.91725, 30.45534], [30.90572, 30.46159], [30.91241, 30.46994], [30.90685, 30.48284], [30.91362, 30.48945], [30.92567, 30.48274], [30.9469, 30.48568], [30.9573, 30.46864], [30.94715, 30.44777], [30.93138, 30.44743]]]}}, {"type": "Feature", "properties": {"shapeID": "37247803B87041728070842", "shapeName": "Minya Al-Nasr"}, "geometry": {"type": "Polygon", "coordinates": [[[31.79314, 31.1105], [31.79129, 31.12528], [31.77085, 31.13337], [31.76738, 31.1437], [31.74662, 31.13566], [31.74113, 31.14048], [31.74119, 31.12301], [31.73248, 31.11863], [31.7211, 31.12663], [31.69845, 31.10281], [31.70395, 31.09933], [31.7007, 31.08528], [31.68926, 31.08504], [31.68931, 31.09259], [31.68181, 31.09095], [31.67166, 31.10579], [31.64204, 31.09918], [31.64091, 31.10709], [31.62006, 31.11653], [31.60821, 31.11354], [31.60136, 31.15479], [31.67613, 31.21682], [31.68364, 31.2094], [31.70378, 31.21025], [31.76725, 31.2246], [31.77865, 31.17391], [31.81164, 31.16002], [31.82291, 31.1369], [31.82332, 31.11182], [31.79314, 31.1105]]]}}, {"type": "Feature", "properties": {"shapeID": "37247803B22128077926758", "shapeName": "Minya al-Qamh"}, "geometry": {"type": "Polygon", "coordinates": [[[31.29699, 30.42836], [31.30531, 30.43597], [31.29512, 30.4455], [31.26935, 30.4524], [31.26623, 30.45956], [31.27479, 30.46657], [31.26895, 30.49603], [31.29032, 30.52065], [31.28443, 30.53101], [31.28844, 30.54061], [31.30208, 30.54563], [31.29575, 30.5702], [31.30891, 30.57692], [31.32872, 30.57176], [31.34703, 30.59803], [31.36358, 30.59738], [31.37604, 30.61392], [31.39891, 30.61428], [31.39932, 30.59204], [31.41126, 30.5848], [31.41786, 30.55893], [31.42769, 30.55797], [31.42837, 30.5482], [31.4464, 30.55294], [31.4661, 30.53267], [31.46294, 30.51848], [31.4535, 30.51029], [31.46049, 30.50235], [31.45846, 30.49186], [31.48843, 30.4861], [31.48936, 30.47255], [31.47878, 30.45988], [31.46435, 30.45508], [31.43308, 30.47791], [31.42522, 30.46635], [31.40724, 30.46278], [31.41145, 30.45061], [31.40488, 30.43708], [31.41955, 30.44239], [31.42359, 30.43323], [31.4085, 30.41829], [31.39417, 30.41778], [31.37339, 30.42908], [31.34312, 30.41519], [31.33519, 30.40012], [31.31514, 30.40361], [31.29699, 30.42836]]]}}, {"type": "Feature", "properties": {"shapeID": "37247803B70915432571750", "shapeName": "Misr al-Gadida"}, "geometry": {"type": "Polygon", "coordinates": [[[31.34743, 30.0932], [31.36033, 30.08058], [31.335, 30.08686], [31.30274, 30.07446], [31.29619, 30.08516], [31.3248, 30.10671], [31.34743, 30.0932]]]}}, {"type": "Feature", "properties": {"shapeID": "37247803B34541492244214", "shapeName": "Misr Al-Qadima"}, "geometry": {"type": "MultiPolygon", "coordinates": [[[[31.24955, 30.0064], [31.25548, 30.00783], [31.25858, 29.99704], [31.25104, 29.98939], [31.23315, 29.98742], [31.22758, 30.0048], [31.23214, 30.02488], [31.24962, 30.0195], [31.24955, 30.0064]]], [[[31.23151, 30.02782], [31.22594, 30.00687], [31.22371, 30.02594], [31.22835, 30.0354], [31.23151, 30.02782]]]]}}, {"type": "Feature", "properties": {"shapeID": "37247803B10909701940084", "shapeName": "Mit Ghamr"}, "geometry": {"type": "Polygon", "coordinates": [[[31.2535, 30.72214], [31.25738, 30.73095], [31.28636, 30.74431], [31.29194, 30.73542], [31.28836, 30.71999], [31.29698, 30.71239], [31.30203, 30.69348], [31.29764, 30.68061], [31.28985, 30.69286], [31.27328, 30.68788], [31.2535, 30.72214]]]}}, {"type": "Feature", "properties": {"shapeID": "37247803B25153322962327", "shapeName": "Mit Ghamr"}, "geometry": {"type": "Polygon", "coordinates": [[[31.24214, 30.80134], [31.25709, 30.78924], [31.29214, 30.7904], [31.3111, 30.81192], [31.31034, 30.82223], [31.34173, 30.82876], [31.35955, 30.81092], [31.37707, 30.80503], [31.37318, 30.78475], [31.36395, 30.78085], [31.37191, 30.75982], [31.36459, 30.74703], [31.37394, 30.74583], [31.36915, 30.73738], [31.37265, 30.72431], [31.38294, 30.71467], [31.37351, 30.71021], [31.38305, 30.70424], [31.38197, 30.68849], [31.39033, 30.67208], [31.37231, 30.66371], [31.38745, 30.62297], [31.35747, 30.62412], [31.35537, 30.61765], [31.34507, 30.62149], [31.34172, 30.60805], [31.32992, 30.61092], [31.32057, 30.59432], [31.29656, 30.58759], [31.28381, 30.59086], [31.2823, 30.60707], [31.26836, 30.60173], [31.26589, 30.61506], [31.27978, 30.65068], [31.27328, 30.68788], [31.28985, 30.69286], [31.29764, 30.68061], [31.30128, 30.70344], [31.28836, 30.71999], [31.29194, 30.73542], [31.28636, 30.74431], [31.25738, 30.73095], [31.25422, 30.73886], [31.22894, 30.75371], [31.23909, 30.77814], [31.23209, 30.80024], [31.24214, 30.80134]]]}}, {"type": "Feature", "properties": {"shapeID": "37247803B51096510617520", "shapeName": "MIt Salsil"}, "geometry": {"type": "MultiPolygon", "coordinates": [[[[31.88482, 31.35139], [31.88628, 31.34836], [31.83443, 31.34481], [31.85694, 31.33976], [31.83949, 31.3348], [31.82575, 31.3473], [31.81941, 31.34702], [31.82133, 31.33979], [31.81574, 31.34676], [31.82154, 31.35652], [31.88482, 31.35139]]], [[[31.78352, 31.24712], [31.78647, 31.26037], [31.77245, 31.27291], [31.76717, 31.30732], [31.77917, 31.3114], [31.79426, 31.30503], [31.78963, 31.32258], [31.80237, 31.32574], [31.81508, 31.34532], [31.80432, 31.30818], [31.81165, 31.31449], [31.81082, 31.3097], [31.82814, 31.29921], [31.82305, 31.30613], [31.83541, 31.31939], [31.81805, 31.32438], [31.83035, 31.32871], [31.83426, 31.32318], [31.85248, 31.32642], [31.85521, 31.32158], [31.83854, 31.31455], [31.84118, 31.29805], [31.85899, 31.30026], [31.86418, 31.30707], [31.85826, 31.30782], [31.85793, 31.31606], [31.87013, 31.30872], [31.86206, 31.28924], [31.85255, 31.28626], [31.84508, 31.29217], [31.85402, 31.28022], [31.82184, 31.25259], [31.8178, 31.24097], [31.8279, 31.16877], [31.81801, 31.16579], [31.83946, 31.13226], [31.83652, 31.11996], [31.82254, 31.12043], [31.82291, 31.1369], [31.81164, 31.16002], [31.77865, 31.17391], [31.76846, 31.22882], [31.7588, 31.23664], [31.78352, 31.24712]]]]}}, {"type": "Feature", "properties": {"shapeID": "37247803B73956026156280", "shapeName": "Mitubas"}, "geometry": {"type": "Polygon", "coordinates": [[[30.58438, 31.26143], [30.56112, 31.28833], [30.54817, 31.25649], [30.51962, 31.26759], [30.52307, 31.32768], [30.48826, 31.3491], [30.47756, 31.34876], [30.46253, 31.33751], [30.449, 31.3798], [30.42474, 31.38145], [30.43436, 31.41331], [30.43206, 31.43038], [30.41855, 31.44125], [30.38812, 31.44517], [30.36996, 31.46726], [30.3643, 31.48725], [30.34747, 31.50109], [30.34821, 31.50815], [30.35319, 31.50996], [30.37275, 31.50739], [30.42875, 31.4684], [30.47802, 31.45386], [30.5616, 31.47017], [30.5765, 31.4304], [30.53421, 31.43103], [30.53701, 31.42241], [30.52957, 31.42707], [30.51854, 31.4247], [30.51743, 31.4158], [30.52877, 31.41049], [30.52991, 31.42369], [30.54261, 31.40732], [30.53154, 31.39513], [30.52484, 31.40714], [30.51736, 31.40321], [30.51441, 31.38234], [30.53248, 31.37392], [30.55388, 31.38942], [30.54885, 31.37933], [30.5634, 31.37614], [30.57112, 31.35981], [30.58678, 31.36675], [30.60453, 31.36538], [30.6028, 31.37215], [30.61244, 31.38036], [30.61489, 31.37451], [30.63831, 31.38636], [30.64335, 31.38287], [30.65002, 31.36992], [30.62552, 31.31638], [30.63038, 31.29945], [30.60794, 31.28581], [30.61091, 31.27089], [30.58438, 31.26143]], [[30.3826, 31.48822], [30.37577, 31.48807], [30.39279, 31.46568], [30.40682, 31.46839], [30.3826, 31.48822]], [[30.37045, 31.50273], [30.35742, 31.50816], [30.3584, 31.50186], [30.37045, 31.50273]]]}}, {"type": "Feature", "properties": {"shapeID": "37247803B27460825727162", "shapeName": "Mubark-Sharq Tafrea"}, "geometry": {"type": "Polygon", "coordinates": [[[32.53712, 31.00713], [32.31866, 30.91164], [32.31154, 31.10621], [32.35067, 31.23898], [32.42928, 31.19862], [32.45928, 31.17642], [32.51685, 31.10929], [32.55033, 31.0825], [32.53712, 31.00713]]]}}, {"type": "Feature", "properties": {"shapeID": "37247803B18141858630320", "shapeName": "Muharam Bik"}, "geometry": {"type": "Polygon", "coordinates": [[[29.93857, 31.16775], [29.92904, 31.18127], [29.91641, 31.17569], [29.90263, 31.18839], [29.92605, 31.20024], [29.93901, 31.1887], [29.95419, 31.19778], [29.9679, 31.17929], [29.93857, 31.16775]]]}}, {"type": "Feature", "properties": {"shapeID": "37247803B90463856595624", "shapeName": "Muntazah"}, "geometry": {"type": "Polygon", "coordinates": [[[29.99367, 31.24159], [29.97353, 31.25371], [29.98743, 31.27038], [30.00994, 31.28039], [30.0128, 31.29074], [30.03638, 31.29451], [30.04856, 31.3083], [30.04809, 31.3175], [30.07013, 31.33002], [30.08191, 31.3315], [30.06801, 31.31868], [30.08846, 31.28122], [30.08034, 31.28043], [30.05427, 31.20934], [30.0475, 31.21054], [30.04172, 31.19693], [29.99441, 31.21978], [29.99367, 31.24159]]]}}, {"type": "Feature", "properties": {"shapeID": "37247803B88500614059504", "shapeName": "Muski"}, "geometry": {"type": "Polygon", "coordinates": [[[31.24768, 30.05278], [31.25511, 30.05639], [31.25843, 30.05461], [31.25291, 30.0444], [31.24768, 30.05278]]]}}, {"type": "Feature", "properties": {"shapeID": "37247803B20461221508658", "shapeName": "Nag Hammadi"}, "geometry": {"type": "MultiPolygon", "coordinates": [[[[32.18447, 26.12511], [32.23124, 26.09637], [32.24013, 26.08723], [32.24117, 26.06183], [32.25202, 26.03629], [32.27182, 26.02411], [32.29488, 26.02343], [32.31073, 26.03177], [32.31698, 26.06491], [32.32955, 26.07545], [32.35078, 26.07189], [32.37578, 26.05799], [32.40944, 26.06613], [32.42065, 26.05792], [32.3865, 26.0365], [32.34137, 26.02474], [32.28864, 25.99832], [32.27273, 26.00244], [32.27177, 25.99413], [32.26137, 25.99123], [32.25272, 25.99989], [32.18087, 26.00229], [32.19953, 26.02104], [32.19448, 26.06567], [32.18041, 26.078], [32.19649, 26.10431], [32.1949, 26.11154], [32.18443, 26.10956], [32.18447, 26.12511]]], [[[32.25348, 26.09434], [32.29014, 26.0896], [32.31731, 26.10629], [32.3251, 26.14111], [32.34774, 26.13962], [32.35028, 26.13389], [32.34865, 26.12005], [32.3415, 26.11676], [32.34924, 26.10624], [32.34016, 26.09105], [32.34675, 26.07783], [32.313, 26.08056], [32.3123, 26.04575], [32.28742, 26.02655], [32.25917, 26.03576], [32.25097, 26.04884], [32.24988, 26.09105], [32.21881, 26.11285], [32.25348, 26.09434]]]]}}, {"type": "Feature", "properties": {"shapeID": "37247803B50825531526089", "shapeName": "Nakhl"}, "geometry": {"type": "Polygon", "coordinates": [[[32.8327, 30.05867], [33.21639, 30.02343], [33.24245, 30.02483], [33.34433, 30.05156], [33.49938, 30.07417], [33.59682, 30.07762], [33.62771, 30.06207], [33.66617, 29.96827], [33.70033, 29.95363], [33.77292, 29.94506], [33.83038, 29.94981], [33.86633, 29.96449], [34.13606, 30.3061], [34.25025, 30.10576], [34.71542, 30.10428], [34.85089, 29.7451], [34.85401, 29.70085], [34.87658, 29.65106], [34.8654, 29.60283], [34.86525, 29.56484], [34.87985, 29.5357], [34.69874, 29.51389], [34.65586, 29.51853], [34.50783, 29.55373], [34.2061, 29.6469], [34.03351, 29.71545], [33.84687, 29.8079], [33.64483, 29.85118], [33.38319, 29.89778], [32.85493, 29.94297], [32.8327, 30.05867]]]}}, {"type": "Feature", "properties": {"shapeID": "37247803B87719226438942", "shapeName": "Naqada"}, "geometry": {"type": "Polygon", "coordinates": [[[32.72721, 25.80257], [32.71534, 25.8152], [32.69979, 25.81758], [32.69368, 25.83444], [32.69939, 25.90391], [32.72712, 25.96772], [32.72777, 25.9815], [32.73908, 25.99403], [32.76311, 25.98364], [32.77841, 25.98474], [32.77679, 25.97176], [32.76086, 25.94207], [32.73661, 25.922], [32.7209, 25.88531], [32.72791, 25.86844], [32.77589, 25.81294], [32.75667, 25.79504], [32.73109, 25.78475], [32.72721, 25.80257]]]}}, {"type": "Feature", "properties": {"shapeID": "37247803B95648929265509", "shapeName": "Nasir"}, "geometry": {"type": "MultiPolygon", "coordinates": [[[[31.20787, 29.2025], [31.20431, 29.18913], [31.21116, 29.1788], [31.19632, 29.17396], [31.17865, 29.15678], [31.18159, 29.15038], [31.16954, 29.1158], [31.15401, 29.11396], [31.20225, 29.20271], [31.20787, 29.2025]]], [[[30.97073, 29.18675], [30.98247, 29.21737], [31.00423, 29.2158], [30.99475, 29.23785], [31.04341, 29.2565], [31.05514, 29.24626], [31.08799, 29.2599], [31.0894, 29.23946], [31.07858, 29.227], [31.08187, 29.2203], [31.09078, 29.22597], [31.13112, 29.22603], [31.14067, 29.23355], [31.17926, 29.21944], [31.20903, 29.21927], [31.19122, 29.19764], [31.18424, 29.17509], [31.16208, 29.15079], [31.16532, 29.14775], [31.14861, 29.11487], [31.13472, 29.11953], [31.1327, 29.13116], [31.11942, 29.1202], [31.11565, 29.13211], [31.1035, 29.1316], [31.09852, 29.13643], [31.10324, 29.14234], [31.09063, 29.14643], [31.081, 29.11402], [31.06602, 29.13471], [31.07382, 29.16611], [31.05888, 29.17968], [31.05001, 29.17277], [31.05647, 29.1649], [31.0438, 29.157], [31.02275, 29.16493], [31.01061, 29.17762], [30.99617, 29.17123], [30.99036, 29.18065], [30.97073, 29.18675]]]]}}, {"type": "Feature", "properties": {"shapeID": "37247803B32135052764998", "shapeName": "Nasr"}, "geometry": {"type": "MultiPolygon", "coordinates": [[[[32.92678, 24.59888], [32.93705, 24.62406], [32.93845, 24.65054], [32.94517, 24.64953], [32.95112, 24.66075], [32.95047, 24.64477], [32.95782, 24.63382], [33.00509, 24.61153], [33.019, 24.58967], [33.02669, 24.59772], [33.03335, 24.59573], [33.05614, 24.57791], [33.04949, 24.56204], [33.0127, 24.54985], [33.01085, 24.5271], [33.01714, 24.5237], [33.01289, 24.51971], [33.02348, 24.50951], [33.02955, 24.51818], [33.05464, 24.52035], [33.05638, 24.50907], [33.10999, 24.51575], [33.12277, 24.50672], [33.12826, 24.48545], [33.08892, 24.46472], [33.08961, 24.45483], [33.0811, 24.4465], [33.03848, 24.4446], [33.01348, 24.40749], [32.99011, 24.40527], [32.9846, 24.3889], [32.93832, 24.38428], [32.96249, 24.40905], [32.98004, 24.41904], [33.00079, 24.42124], [32.99881, 24.42595], [33.02205, 24.45732], [33.01553, 24.47003], [33.0161, 24.49776], [33.00268, 24.53281], [33.00627, 24.55881], [32.99154, 24.55162], [32.9694, 24.5514], [32.94497, 24.57327], [32.91208, 24.57677], [32.9197, 24.6094], [32.92678, 24.59888]]], [[[33.07258, 24.52866], [33.06241, 24.53443], [33.06871, 24.54152], [33.07986, 24.53708], [33.07258, 24.52866]]], [[[32.91914, 24.37899], [32.93811, 24.38386], [32.94391, 24.37536], [32.94086, 24.36637], [32.92146, 24.36222], [32.91914, 24.37899]]]]}}, {"type": "Feature", "properties": {"shapeID": "37247803B64528254011318", "shapeName": "Nasr City"}, "geometry": {"type": "Polygon", "coordinates": [[[31.33744, 29.99967], [31.34266, 30.00744], [31.33554, 30.03232], [31.31363, 30.07866], [31.335, 30.08686], [31.37698, 30.07904], [31.4333, 30.08168], [31.40567, 30.05055], [31.40072, 30.01312], [31.39264, 30.00296], [31.37234, 29.99419], [31.36564, 29.98663], [31.36729, 29.97725], [31.34962, 29.98128], [31.33744, 29.99967]]]}}, {"type": "Feature", "properties": {"shapeID": "37247803B57477737935705", "shapeName": "Nebro"}, "geometry": {"type": "Polygon", "coordinates": [[[31.28139, 31.20884], [31.28752, 31.19609], [31.29438, 31.1961], [31.29953, 31.20397], [31.33451, 31.21324], [31.3572, 31.20327], [31.36823, 31.19461], [31.37056, 31.18259], [31.38071, 31.1812], [31.38351, 31.16053], [31.37404, 31.16059], [31.34839, 31.13408], [31.35374, 31.12959], [31.35054, 31.11691], [31.34146, 31.11594], [31.33415, 31.09887], [31.34495, 31.09463], [31.34267, 31.08608], [31.3327, 31.08956], [31.3082, 31.08217], [31.29764, 31.05988], [31.26787, 31.05635], [31.2571, 31.04315], [31.24515, 31.04612], [31.23971, 31.05595], [31.21705, 31.05869], [31.21932, 31.08216], [31.23942, 31.09636], [31.2415, 31.11389], [31.2324, 31.12287], [31.2391, 31.12646], [31.23845, 31.13513], [31.22149, 31.14556], [31.26988, 31.15387], [31.27022, 31.17158], [31.2805, 31.16401], [31.28745, 31.16807], [31.28097, 31.18679], [31.26207, 31.20681], [31.28139, 31.20884]]]}}, {"type": "Feature", "properties": {"shapeID": "37247803B99181648743437", "shapeName": "New Cairo-1"}, "geometry": {"type": "Polygon", "coordinates": [[[31.40408, 30.03856], [31.43958, 30.0398], [31.45107, 30.07614], [31.47428, 30.07257], [31.47474, 30.05682], [31.49903, 30.05586], [31.49595, 30.031], [31.52336, 30.0453], [31.53045, 30.03229], [31.6973, 30.0395], [31.69621, 29.97905], [31.54477, 29.97621], [31.52334, 30.01364], [31.50812, 30.00441], [31.44684, 30.00115], [31.44567, 29.99259], [31.42255, 29.99198], [31.39405, 30.00474], [31.40408, 30.03856]]]}}, {"type": "Feature", "properties": {"shapeID": "37247803B58056872224952", "shapeName": "New Cairo-2"}, "geometry": {"type": "Polygon", "coordinates": [[[31.72445, 30.11064], [31.69754, 30.05273], [31.6973, 30.0395], [31.53045, 30.03229], [31.52336, 30.0453], [31.49595, 30.031], [31.49903, 30.05586], [31.47474, 30.05682], [31.47428, 30.07257], [31.45107, 30.07614], [31.43958, 30.0398], [31.40408, 30.03856], [31.40567, 30.05055], [31.4333, 30.08168], [31.55161, 30.09653], [31.6193, 30.11677], [31.72445, 30.11064]]]}}, {"type": "Feature", "properties": {"shapeID": "37247803B49811870233448", "shapeName": "New Cairo-3"}, "geometry": {"type": "Polygon", "coordinates": [[[31.36564, 29.98663], [31.39405, 30.00474], [31.42255, 29.99198], [31.44567, 29.99259], [31.44684, 30.00115], [31.50812, 30.00441], [31.52334, 30.01364], [31.54477, 29.97621], [31.69621, 29.97905], [31.69564, 29.94697], [31.51661, 29.94109], [31.46612, 29.97479], [31.37442, 29.97215], [31.36564, 29.98663]]]}}, {"type": "Feature", "properties": {"shapeID": "37247803B40620949995251", "shapeName": "New Minya"}, "geometry": {"type": "Polygon", "coordinates": [[[30.77084, 28.11334], [30.77272, 28.14195], [30.79633, 28.1372], [30.81314, 28.0894], [30.80306, 28.07876], [30.77084, 28.11334]]]}}, {"type": "Feature", "properties": {"shapeID": "37247803B38142631960117", "shapeName": "North Coast"}, "geometry": {"type": "Polygon", "coordinates": [[[29.56381, 30.97991], [29.49134, 30.93985], [29.42474, 30.90882], [29.37905, 30.89245], [29.37671, 30.89625], [29.46032, 30.92926], [29.56065, 30.98311], [29.56381, 30.97991]]]}}, {"type": "Feature", "properties": {"shapeID": "37247803B36627997079635", "shapeName": "North Coast"}, "geometry": {"type": "Polygon", "coordinates": [[[29.1763, 30.82779], [29.17471, 30.83261], [29.37671, 30.89625], [29.37905, 30.89245], [29.1763, 30.82779]]]}}, {"type": "Feature", "properties": {"shapeID": "37247803B65833428461725", "shapeName": "Nubariyya West"}, "geometry": {"type": "Polygon", "coordinates": [[[30.07625, 30.6418], [30.22798, 30.50714], [30.15127, 30.48751], [29.87357, 30.13111], [29.63277, 30.26278], [29.71894, 30.49825], [29.93942, 30.58935], [29.86673, 30.646], [29.96044, 30.73089], [30.07625, 30.6418]]]}}, {"type": "Feature", "properties": {"shapeID": "37247803B27009685632556", "shapeName": "Nuweiba"}, "geometry": {"type": "Polygon", "coordinates": [[[34.18873, 28.97934], [34.03583, 29.09523], [33.86111, 29.25533], [33.99076, 29.73664], [34.2061, 29.6469], [34.50783, 29.55373], [34.65586, 29.51853], [34.69874, 29.51389], [34.7688, 29.52235], [34.77373, 29.49715], [34.76752, 29.47513], [34.77237, 29.4635], [34.85254, 29.46396], [34.85307, 29.45328], [34.84108, 29.43514], [34.82789, 29.43183], [34.82943, 29.42514], [34.8148, 29.4113], [34.81592, 29.40324], [34.80631, 29.40158], [34.80752, 29.38618], [34.78561, 29.37442], [34.77716, 29.34415], [34.76569, 29.34138], [34.74038, 29.30649], [34.74468, 29.28322], [34.73267, 29.24475], [34.73809, 29.20746], [34.71555, 29.17182], [34.69243, 29.16179], [34.68913, 29.13728], [34.67425, 29.10965], [34.67976, 29.09279], [34.67182, 29.07709], [34.6728, 29.05664], [34.66386, 29.0483], [34.67382, 29.02023], [34.68451, 29.0135], [34.68762, 28.98876], [34.67903, 28.9787], [34.65063, 28.97001], [34.64232, 28.9542], [34.64584, 28.93966], [34.47981, 28.8931], [34.45216, 28.89166], [34.30262, 28.92619], [34.18873, 28.97934]]]}}, {"type": "Feature", "properties": {"shapeID": "37247803B21469576264473", "shapeName": "Nuzha"}, "geometry": {"type": "Polygon", "coordinates": [[[31.35186, 30.12669], [31.43234, 30.15128], [31.44972, 30.1247], [31.43333, 30.10117], [31.4333, 30.08168], [31.36033, 30.08058], [31.32492, 30.10681], [31.35186, 30.12669]]]}}, {"type": "Feature", "properties": {"shapeID": "37247803B13722182372819", "shapeName": "Paris Paris"}, "geometry": {"type": "Polygon", "coordinates": [[[29.4206, 23.86053], [31.75804, 23.47261], [30.99881, 21.99923], [29.46083, 22.00058], [29.4206, 23.86053]]]}}, {"type": "Feature", "properties": {"shapeID": "37247803B59643082406240", "shapeName": "Police Department Port of Damietta"}, "geometry": {"type": "Polygon", "coordinates": [[[31.78018, 31.44301], [31.7599, 31.44178], [31.74211, 31.47531], [31.7593, 31.48671], [31.75534, 31.4643], [31.77525, 31.4518], [31.77398, 31.4681], [31.76438, 31.47217], [31.76345, 31.47953], [31.77001, 31.484], [31.7669, 31.48979], [31.78037, 31.49051], [31.78018, 31.44301]]]}}, {"type": "Feature", "properties": {"shapeID": "37247803B70757387881176", "shapeName": "Police Department Port Said Port"}, "geometry": {"type": "MultiPolygon", "coordinates": [[[[32.3176, 31.25654], [32.31114, 31.24787], [32.31368, 31.2463], [32.31663, 31.23955], [32.31123, 31.23307], [32.30821, 31.23282], [32.30938, 31.24277], [32.3152, 31.24035], [32.30906, 31.24772], [32.31863, 31.26008], [32.32424, 31.25502], [32.3195, 31.26166], [32.32627, 31.26003], [32.32967, 31.27269], [32.32721, 31.25414], [32.3176, 31.25654]]], [[[32.29988, 31.25601], [32.30361, 31.26103], [32.31109, 31.25964], [32.32209, 31.27364], [32.30951, 31.25658], [32.30087, 31.25528], [32.30573, 31.25259], [32.30051, 31.23386], [32.29988, 31.25601]]]]}}, {"type": "Feature", "properties": {"shapeID": "37247803B3923529194747", "shapeName": "Port Alexandria Police Department"}, "geometry": {"type": "Polygon", "coordinates": [[[29.88298, 31.18063], [29.85194, 31.15896], [29.85176, 31.16622], [29.854, 31.16142], [29.85795, 31.1647], [29.85504, 31.16755], [29.85741, 31.17011], [29.8597, 31.16534], [29.87588, 31.17927], [29.87168, 31.18999], [29.88267, 31.18597], [29.88237, 31.19379], [29.87698, 31.19402], [29.88345, 31.19654], [29.8703, 31.19976], [29.85683, 31.19124], [29.8489, 31.17364], [29.85141, 31.18717], [29.86707, 31.19917], [29.87322, 31.2019], [29.88121, 31.20158], [29.88617, 31.19193], [29.88298, 31.18063]]]}}, {"type": "Feature", "properties": {"shapeID": "37247803B75399963690534", "shapeName": "Port Fuad"}, "geometry": {"type": "Polygon", "coordinates": [[[32.31663, 31.23955], [32.31114, 31.24787], [32.3176, 31.25654], [32.34434, 31.24363], [32.34764, 31.23625], [32.34095, 31.21374], [32.31714, 31.22821], [32.30718, 31.22105], [32.30821, 31.23282], [32.31663, 31.23955]]]}}, {"type": "Feature", "properties": {"shapeID": "37247803B45623855174262", "shapeName": "Port Fuad 2"}, "geometry": {"type": "Polygon", "coordinates": [[[32.31714, 31.22821], [32.34095, 31.21374], [32.31042, 31.11399], [32.30718, 31.22105], [32.31714, 31.22821]]]}}, {"type": "Feature", "properties": {"shapeID": "37247803B57319556498410", "shapeName": "Port Suez Police Department"}, "geometry": {"type": "Polygon", "coordinates": [[[32.57347, 29.92658], [32.63297, 29.86802], [32.63113, 29.84324], [32.62166, 29.83267], [32.6306, 29.85534], [32.62847, 29.86649], [32.56897, 29.92504], [32.55855, 29.92793], [32.57347, 29.92658]]]}}, {"type": "Feature", "properties": {"shapeID": "37247803B19157845766633", "shapeName": "Qaha"}, "geometry": {"type": "Polygon", "coordinates": [[[31.22585, 30.26278], [31.19641, 30.26331], [31.1827, 30.27794], [31.2072, 30.30482], [31.20288, 30.32325], [31.21666, 30.32108], [31.2195, 30.29949], [31.23515, 30.29264], [31.22585, 30.26278]]]}}, {"type": "Feature", "properties": {"shapeID": "37247803B29662728717232", "shapeName": "Qalyub"}, "geometry": {"type": "Polygon", "coordinates": [[[31.1848, 30.17288], [31.18167, 30.19788], [31.19721, 30.20409], [31.2433, 30.19956], [31.23311, 30.19155], [31.25201, 30.1851], [31.24013, 30.17505], [31.24227, 30.16833], [31.22485, 30.15497], [31.21706, 30.16126], [31.20195, 30.15624], [31.1848, 30.17288]]]}}, {"type": "Feature", "properties": {"shapeID": "37247803B25886032732937", "shapeName": "Qalyub"}, "geometry": {"type": "Polygon", "coordinates": [[[31.30901, 30.18976], [31.30568, 30.18022], [31.31211, 30.17044], [31.3051, 30.15741], [31.28662, 30.16075], [31.26491, 30.15319], [31.26428, 30.15845], [31.24666, 30.13866], [31.23217, 30.13667], [31.20195, 30.15624], [31.21706, 30.16126], [31.22485, 30.15497], [31.24227, 30.16833], [31.24013, 30.17505], [31.25201, 30.1851], [31.23311, 30.19155], [31.2433, 30.19956], [31.16115, 30.20136], [31.15284, 30.21711], [31.18429, 30.23682], [31.19011, 30.25988], [31.22585, 30.26278], [31.23122, 30.26989], [31.25839, 30.2725], [31.25965, 30.27851], [31.26485, 30.27155], [31.26013, 30.25212], [31.26789, 30.2444], [31.25478, 30.23412], [31.25547, 30.22578], [31.27107, 30.20453], [31.27496, 30.1827], [31.28424, 30.1879], [31.29409, 30.18438], [31.30166, 30.19154], [31.30901, 30.18976]]]}}, {"type": "Feature", "properties": {"shapeID": "37247803B61234943331501", "shapeName": "Qanatir Al-Khayriyya"}, "geometry": {"type": "MultiPolygon", "coordinates": [[[[31.1827, 30.27794], [31.19641, 30.26331], [31.18906, 30.25758], [31.18429, 30.23682], [31.15284, 30.21711], [31.16115, 30.20136], [31.18167, 30.19788], [31.1848, 30.17288], [31.21523, 30.14322], [31.22472, 30.14463], [31.23491, 30.13633], [31.23023, 30.13007], [31.16855, 30.14559], [31.1431, 30.17423], [31.13408, 30.19459], [31.11668, 30.21314], [31.10718, 30.23901], [31.11948, 30.2657], [31.09538, 30.27847], [31.09099, 30.28708], [31.09982, 30.29774], [31.11996, 30.29781], [31.12811, 30.29638], [31.13232, 30.27876], [31.16447, 30.29035], [31.18519, 30.28488], [31.1827, 30.27794]]], [[[31.10852, 30.22452], [31.14101, 30.17434], [31.1238, 30.18323], [31.08998, 30.21161], [31.10852, 30.22452]]]]}}, {"type": "Feature", "properties": {"shapeID": "37247803B15873621471618", "shapeName": "Qantara Gharb, al-"}, "geometry": {"type": "Polygon", "coordinates": [[[32.3144, 30.9009], [32.32168, 30.88844], [32.31645, 30.79588], [32.32044, 30.75037], [32.34168, 30.7172], [32.34508, 30.69393], [32.32963, 30.64107], [32.25761, 30.64068], [32.2462, 30.62542], [32.25329, 30.59844], [32.24903, 30.59192], [32.22596, 30.58962], [32.22476, 30.5773], [32.19429, 30.58423], [32.17475, 30.5817], [32.18367, 30.58969], [32.17192, 30.60201], [32.15031, 30.59458], [32.1488, 30.58633], [32.11852, 30.59994], [32.11952, 30.60636], [32.17477, 30.62576], [32.15912, 30.67787], [32.17821, 30.89738], [32.3144, 30.9009]]]}}, {"type": "Feature", "properties": {"shapeID": "37247803B91574784842387", "shapeName": "Qantara Sharq, al-"}, "geometry": {"type": "Polygon", "coordinates": [[[32.79511, 30.24561], [32.56728, 30.28547], [32.53418, 30.26955], [32.46903, 30.27696], [32.44829, 30.34831], [32.42123, 30.36899], [32.40801, 30.39458], [32.38275, 30.40021], [32.3772, 30.40624], [32.38476, 30.40477], [32.38526, 30.41131], [32.36461, 30.41574], [32.34379, 30.51411], [32.31436, 30.55291], [32.32317, 30.57396], [32.33512, 30.58383], [32.33171, 30.58823], [32.32045, 30.58006], [32.35308, 30.70379], [32.32498, 30.81244], [32.32543, 30.89184], [32.31866, 30.91164], [32.52602, 31.00217], [32.59906, 30.93411], [32.72548, 30.75386], [32.78085, 30.58661], [32.9327, 30.23623], [32.92346, 30.1973], [32.81179, 30.19473], [32.79511, 30.24561]]]}}, {"type": "Feature", "properties": {"shapeID": "37247803B24800496222401", "shapeName": "Qasima"}, "geometry": {"type": "Polygon", "coordinates": [[[33.96367, 30.60685], [34.19919, 30.60603], [34.20298, 30.77355], [34.43888, 30.78964], [34.49809, 30.68124], [34.5259, 30.58207], [34.52325, 30.53136], [34.56522, 30.48994], [34.547, 30.43718], [34.54929, 30.41349], [34.61275, 30.37091], [34.71542, 30.10428], [34.25025, 30.10576], [33.96367, 30.60685]]]}}, {"type": "Feature", "properties": {"shapeID": "37247803B52731964573716", "shapeName": "Qasr Al-Nile"}, "geometry": {"type": "Polygon", "coordinates": [[[31.23352, 30.03129], [31.23192, 30.0312], [31.23278, 30.04963], [31.24281, 30.05299], [31.23352, 30.03129]]]}}, {"type": "Feature", "properties": {"shapeID": "37247803B3351007317987", "shapeName": "Qift"}, "geometry": {"type": "Polygon", "coordinates": [[[32.78855, 25.97654], [32.78366, 26.03156], [32.80409, 26.0468], [32.82865, 26.05194], [32.83624, 26.01124], [32.85889, 26.00233], [32.87121, 25.98819], [32.87177, 25.98239], [32.84602, 25.9669], [32.84649, 25.94236], [32.78855, 25.97654]]]}}, {"type": "Feature", "properties": {"shapeID": "37247803B73362886902816", "shapeName": "Qillin"}, "geometry": {"type": "Polygon", "coordinates": [[[30.82205, 31.01954], [30.80001, 31.01413], [30.77157, 31.07621], [30.76623, 31.11556], [30.77548, 31.11432], [30.76527, 31.12785], [30.76755, 31.1481], [30.80426, 31.16114], [30.81792, 31.15653], [30.82562, 31.14571], [30.86948, 31.13975], [30.88293, 31.10123], [30.86737, 31.102], [30.86331, 31.08393], [30.87165, 31.06788], [30.91099, 31.07393], [30.91258, 31.0558], [30.90641, 31.043], [30.91125, 31.01673], [30.90613, 31.01149], [30.89902, 31.02092], [30.88233, 31.01637], [30.87032, 31.02158], [30.86932, 31.03032], [30.85395, 31.02722], [30.85457, 31.01085], [30.82205, 31.01954]]]}}, {"type": "Feature", "properties": {"shapeID": "37247803B63367317087021", "shapeName": "Qina"}, "geometry": {"type": "Polygon", "coordinates": [[[32.73858, 26.15684], [32.74586, 26.14532], [32.73918, 26.13468], [32.66162, 26.17417], [32.66753, 26.18665], [32.69322, 26.17057], [32.70218, 26.17243], [32.72492, 26.19613], [32.73175, 26.19027], [32.73272, 26.1764], [32.74668, 26.1629], [32.73858, 26.15684]]]}}, {"type": "Feature", "properties": {"shapeID": "37247803B17837872993253", "shapeName": "Qina"}, "geometry": {"type": "MultiPolygon", "coordinates": [[[[32.80409, 26.0468], [32.78366, 26.03156], [32.76357, 26.1072], [32.73918, 26.13468], [32.74586, 26.14532], [32.73858, 26.15684], [32.74668, 26.1629], [32.75055, 26.14944], [32.77291, 26.13051], [32.78117, 26.11127], [32.79668, 26.09701], [32.79607, 26.08232], [32.82865, 26.05194], [32.80409, 26.0468]]], [[[32.6105, 26.13342], [32.62153, 26.16135], [32.63598, 26.17426], [32.66022, 26.17059], [32.7247, 26.13803], [32.76195, 26.10364], [32.7623, 26.0601], [32.77787, 26.0392], [32.784, 25.99968], [32.77841, 25.98474], [32.76311, 25.98364], [32.73908, 25.99403], [32.74315, 26.0579], [32.73257, 26.09808], [32.71609, 26.11962], [32.63476, 26.14535], [32.60425, 26.12692], [32.55449, 26.11101], [32.6105, 26.13342]]], [[[32.55676, 26.14362], [32.53273, 26.15603], [32.56463, 26.17018], [32.57111, 26.19482], [32.56605, 26.20949], [32.61668, 26.20756], [32.64997, 26.192], [32.66693, 26.19523], [32.66162, 26.17417], [32.64386, 26.18123], [32.62725, 26.17789], [32.6095, 26.14318], [32.58608, 26.1271], [32.55208, 26.11627], [32.55676, 26.14362]]]]}}, {"type": "Feature", "properties": {"shapeID": "37247803B94417968817411", "shapeName": "Qina City"}, "geometry": {"type": "Polygon", "coordinates": [[[32.75826, 26.15361], [32.73729, 26.19586], [32.7469, 26.20178], [32.77685, 26.16694], [32.75826, 26.15361]]]}}, {"type": "Feature", "properties": {"shapeID": "37247803B18399614023642", "shapeName": "Qurin"}, "geometry": {"type": "Polygon", "coordinates": [[[31.71492, 30.58825], [31.72452, 30.59584], [31.72109, 30.60177], [31.72712, 30.60983], [31.71821, 30.61119], [31.72659, 30.6355], [31.73519, 30.63883], [31.74124, 30.63012], [31.74142, 30.63714], [31.75445, 30.63842], [31.77753, 30.62974], [31.77769, 30.61892], [31.76774, 30.61474], [31.76776, 30.59836], [31.75716, 30.60405], [31.71856, 30.58341], [31.71492, 30.58825]]]}}, {"type": "Feature", "properties": {"shapeID": "37247803B95427647060127", "shapeName": "Qus"}, "geometry": {"type": "Polygon", "coordinates": [[[32.84649, 25.94236], [32.84395, 25.91047], [32.83187, 25.89425], [32.837, 25.87621], [32.83336, 25.86182], [32.80155, 25.82299], [32.79326, 25.80239], [32.77454, 25.78808], [32.73823, 25.73645], [32.72785, 25.76046], [32.73028, 25.77865], [32.76185, 25.78192], [32.7788, 25.81857], [32.72849, 25.88432], [32.7353, 25.90491], [32.78855, 25.97654], [32.84649, 25.94236]]]}}, {"type": "Feature", "properties": {"shapeID": "37247803B34734253794751", "shapeName": "Qusir"}, "geometry": {"type": "Polygon", "coordinates": [[[34.36149, 25.50028], [34.11846, 25.46105], [33.84498, 25.38028], [33.47127, 25.30657], [33.2745, 25.53298], [33.24169, 25.63505], [33.29322, 25.73924], [33.38988, 25.86703], [33.48556, 25.93924], [33.56702, 25.98405], [33.59412, 26.08104], [33.54581, 26.21194], [33.46446, 26.36004], [33.56254, 26.44036], [33.58899, 26.48745], [33.64173, 26.54031], [33.70744, 26.56065], [33.85522, 26.58639], [34.02364, 26.60103], [34.0426, 26.55446], [34.07579, 26.51132], [34.09104, 26.4503], [34.11894, 26.39855], [34.1299, 26.39737], [34.12872, 26.38899], [34.14065, 26.37115], [34.18154, 26.32831], [34.19088, 26.30681], [34.19127, 26.27763], [34.20675, 26.26197], [34.22041, 26.21013], [34.24307, 26.1787], [34.24945, 26.15547], [34.26444, 26.14853], [34.27782, 26.12379], [34.29139, 26.11501], [34.28762, 26.09975], [34.31861, 26.06403], [34.34217, 25.99392], [34.35615, 25.97615], [34.37768, 25.96649], [34.39678, 25.93927], [34.41619, 25.90355], [34.42332, 25.87399], [34.41934, 25.86828], [34.4398, 25.83955], [34.44724, 25.83342], [34.45882, 25.83701], [34.47421, 25.8252], [34.49138, 25.78535], [34.54559, 25.74661], [34.56701, 25.70248], [34.57106, 25.67477], [34.58642, 25.66352], [34.59401, 25.62075], [34.61088, 25.60971], [34.61144, 25.60178], [34.62509, 25.59789], [34.6456, 25.55765], [34.64652, 25.53526], [34.63688, 25.53407], [34.64365, 25.53248], [34.36149, 25.50028]]]}}, {"type": "Feature", "properties": {"shapeID": "37247803B52105005453844", "shapeName": "Qutur"}, "geometry": {"type": "Polygon", "coordinates": [[[30.90604, 30.90078], [30.90499, 30.91181], [30.92515, 30.91038], [30.92518, 30.92186], [30.89863, 30.95983], [30.88519, 30.96491], [30.88577, 30.9865], [30.85053, 30.99393], [30.84542, 31.00083], [30.85332, 31.00677], [30.85395, 31.02722], [30.86932, 31.03032], [30.87032, 31.02158], [30.88233, 31.01637], [30.89902, 31.02092], [30.90613, 31.01149], [30.91102, 31.02963], [30.93125, 31.03566], [30.9487, 31.05116], [30.97216, 31.03778], [30.98074, 31.04504], [31.00619, 31.04378], [31.04921, 31.01909], [31.05376, 31.01104], [31.03831, 30.97986], [31.0547, 30.97567], [31.0535, 30.94122], [31.07096, 30.93633], [31.07505, 30.89773], [31.0528, 30.89529], [31.04018, 30.90084], [31.03324, 30.91304], [31.01604, 30.91539], [31.00523, 30.89866], [30.99204, 30.89273], [30.97797, 30.90433], [30.97218, 30.90359], [30.96865, 30.89005], [30.96384, 30.9004], [30.90604, 30.90078]]]}}, {"type": "Feature", "properties": {"shapeID": "37247803B73326223517768", "shapeName": "Quwisna"}, "geometry": {"type": "Polygon", "coordinates": [[[31.13033, 30.47492], [31.13616, 30.48098], [31.13164, 30.48867], [31.11558, 30.47988], [31.07705, 30.47669], [31.07207, 30.505], [31.0501, 30.51014], [31.06225, 30.51398], [31.05881, 30.5297], [31.07363, 30.54083], [31.06483, 30.54863], [31.0694, 30.5568], [31.08341, 30.56036], [31.07088, 30.56825], [31.08346, 30.57645], [31.08081, 30.58433], [31.08768, 30.58968], [31.10466, 30.58674], [31.11283, 30.59091], [31.11199, 30.59713], [31.13142, 30.59527], [31.13982, 30.61323], [31.123, 30.63525], [31.13528, 30.63495], [31.15087, 30.64501], [31.15378, 30.63678], [31.17044, 30.632], [31.17356, 30.62072], [31.1812, 30.63119], [31.19763, 30.6327], [31.22591, 30.61329], [31.22776, 30.59906], [31.24655, 30.5923], [31.25562, 30.58011], [31.24208, 30.56642], [31.25772, 30.54372], [31.22614, 30.54946], [31.22171, 30.54129], [31.22501, 30.5191], [31.20904, 30.53265], [31.19508, 30.53539], [31.18091, 30.52834], [31.18774, 30.51206], [31.17534, 30.51467], [31.17459, 30.49842], [31.14845, 30.48688], [31.14503, 30.47454], [31.13033, 30.47492]]]}}, {"type": "Feature", "properties": {"shapeID": "37247803B35204215208430", "shapeName": "Rafah"}, "geometry": {"type": "Polygon", "coordinates": [[[34.20298, 30.77355], [34.20372, 30.80608], [34.16916, 31.00116], [34.07318, 31.23661], [34.14927, 31.27696], [34.21864, 31.32621], [34.25069, 31.27704], [34.39859, 30.86346], [34.43888, 30.78964], [34.20298, 30.77355]]]}}, {"type": "Feature", "properties": {"shapeID": "37247803B87284090425389", "shapeName": "Ras al-Bar"}, "geometry": {"type": "Polygon", "coordinates": [[[31.81277, 31.50393], [31.84435, 31.52346], [31.82924, 31.49578], [31.81277, 31.50393]]]}}, {"type": "Feature", "properties": {"shapeID": "37247803B82534825994477", "shapeName": "Ras Gharib"}, "geometry": {"type": "Polygon", "coordinates": [[[31.96388, 28.97638], [32.15926, 28.99878], [32.37689, 29.06553], [32.41419, 29.06703], [32.50834, 29.12156], [32.64851, 29.16875], [32.66675, 29.09522], [32.65007, 29.06447], [32.64612, 29.07415], [32.62778, 29.05857], [32.63618, 29.0375], [32.62671, 29.00715], [32.6289, 28.98015], [32.66726, 28.93964], [32.69583, 28.86695], [32.73714, 28.8396], [32.75024, 28.81078], [32.76238, 28.80091], [32.78582, 28.7977], [32.81283, 28.77724], [32.82662, 28.74404], [32.83693, 28.73406], [32.83421, 28.71526], [32.84853, 28.68331], [32.84601, 28.66921], [32.86208, 28.64219], [32.86913, 28.61353], [32.87057, 28.57424], [32.93264, 28.55362], [32.97932, 28.49514], [33.00436, 28.49096], [33.00462, 28.48166], [33.02977, 28.45864], [33.07273, 28.38351], [33.11109, 28.35445], [33.11165, 28.3239], [33.12595, 28.2912], [33.15116, 28.27888], [33.16772, 28.23881], [33.23656, 28.17314], [33.24193, 28.16529], [33.23932, 28.14786], [33.26384, 28.13884], [33.13201, 28.1459], [33.02606, 28.13188], [32.91485, 28.09429], [32.80903, 28.04253], [32.64009, 27.9154], [32.57269, 27.84306], [32.54668, 27.9087], [32.47193, 28.16578], [32.34451, 28.25584], [32.19013, 28.34474], [31.88588, 28.29896], [31.75625, 28.56383], [31.78398, 28.63131], [31.76611, 28.69162], [31.79594, 28.77143], [31.87459, 28.90695], [31.8346, 28.99368], [31.96388, 28.97638]]]}}, {"type": "Feature", "properties": {"shapeID": "37247803B11741715008069", "shapeName": "Ras Sidr"}, "geometry": {"type": "Polygon", "coordinates": [[[33.10013, 29.25308], [32.87269, 29.28037], [32.82464, 29.32675], [32.83007, 29.34162], [32.81622, 29.35645], [32.82564, 29.38598], [32.81463, 29.40778], [32.78981, 29.42696], [32.74554, 29.44539], [32.74481, 29.44999], [32.75256, 29.45073], [32.73896, 29.47737], [32.73046, 29.46883], [32.72975, 29.45334], [32.71886, 29.45355], [32.73486, 29.48578], [32.7191, 29.50877], [32.72409, 29.51975], [32.72103, 29.53872], [32.72731, 29.54819], [32.71038, 29.58416], [32.68016, 29.59705], [32.6919, 29.61187], [32.68035, 29.66065], [32.69059, 29.68318], [32.68636, 29.69239], [32.69574, 29.7077], [32.6962, 29.72537], [32.68165, 29.75408], [32.66895, 29.76016], [32.63754, 29.80645], [32.61013, 29.81122], [32.62166, 29.83267], [32.79129, 29.93135], [32.87748, 29.94502], [33.38319, 29.89778], [33.84687, 29.8079], [33.99076, 29.73664], [33.86111, 29.25533], [33.10013, 29.25308]]]}}, {"type": "Feature", "properties": {"shapeID": "37247803B15072818430421", "shapeName": "Rashid"}, "geometry": {"type": "Polygon", "coordinates": [[[30.50543, 31.27125], [30.47462, 31.25685], [30.44373, 31.28403], [30.41802, 31.27498], [30.39724, 31.32778], [30.32622, 31.37337], [30.35781, 31.45226], [30.3547, 31.47237], [30.33997, 31.49952], [30.38322, 31.44469], [30.42385, 31.43544], [30.42966, 31.41623], [30.42079, 31.37829], [30.44639, 31.37307], [30.46219, 31.33373], [30.48583, 31.34672], [30.51994, 31.3268], [30.52053, 31.27941], [30.51487, 31.26789], [30.50543, 31.27125]]]}}, {"type": "Feature", "properties": {"shapeID": "37247803B2291437615199", "shapeName": "Riyad"}, "geometry": {"type": "Polygon", "coordinates": [[[30.95729, 31.42225], [30.94401, 31.40826], [30.95951, 31.35989], [31.00648, 31.37227], [30.99051, 31.33806], [31.00429, 31.29891], [30.98963, 31.2871], [30.97863, 31.2866], [30.97783, 31.2774], [30.98626, 31.23824], [31.00165, 31.23462], [31.00517, 31.21068], [30.98611, 31.21359], [30.9078, 31.1848], [30.90917, 31.21703], [30.87684, 31.20784], [30.86811, 31.22236], [30.88548, 31.2228], [30.89158, 31.23133], [30.90222, 31.23184], [30.90787, 31.26617], [30.89919, 31.28653], [30.88196, 31.30267], [30.87419, 31.30643], [30.85639, 31.29985], [30.84835, 31.31314], [30.83848, 31.36114], [30.84799, 31.39329], [30.84872, 31.42633], [30.85494, 31.41625], [30.86609, 31.4318], [30.87673, 31.42985], [30.87798, 31.41141], [30.89006, 31.41129], [30.89082, 31.4165], [30.89789, 31.41274], [30.93224, 31.43971], [30.93307, 31.45198], [30.94411, 31.45524], [30.95776, 31.4336], [30.95729, 31.42225]]]}}, {"type": "Feature", "properties": {"shapeID": "37247803B92272311463105", "shapeName": "Rud Al-Farag"}, "geometry": {"type": "Polygon", "coordinates": [[[31.22905, 30.07445], [31.23384, 30.08554], [31.24618, 30.08011], [31.24556, 30.06348], [31.22905, 30.07445]]]}}, {"type": "Feature", "properties": {"shapeID": "37247803B2824633862511", "shapeName": "Rummana"}, "geometry": {"type": "Polygon", "coordinates": [[[32.83216, 30.9791], [32.78084, 30.84813], [32.70289, 30.80985], [32.68646, 30.80948], [32.59906, 30.93411], [32.52602, 31.00217], [32.53712, 31.00713], [32.55033, 31.0825], [32.59449, 31.06071], [32.64158, 31.05572], [32.68078, 31.05987], [32.78388, 31.08136], [32.86139, 31.11675], [32.85984, 31.10945], [32.77865, 31.07259], [32.67528, 31.04972], [32.69452, 31.04101], [32.69558, 31.04903], [32.72206, 31.05078], [32.72199, 31.03794], [32.70574, 31.0325], [32.72237, 31.02864], [32.73106, 31.02923], [32.75449, 31.04891], [32.77908, 31.0415], [32.79504, 31.04566], [32.8208, 31.06794], [32.85435, 31.08363], [32.83216, 30.9791]]]}}, {"type": "Feature", "properties": {"shapeID": "37247803B47904528840221", "shapeName": "Sadat City"}, "geometry": {"type": "Polygon", "coordinates": [[[30.66639, 30.46853], [30.62678, 30.4126], [30.69518, 30.38232], [30.7278, 30.43332], [30.79704, 30.43031], [30.80866, 30.43961], [30.79654, 30.45365], [30.80082, 30.47125], [30.83602, 30.48546], [30.84424, 30.46495], [30.83817, 30.40608], [30.86958, 30.3934], [30.87248, 30.38445], [30.86143, 30.36948], [30.83807, 30.36405], [30.80952, 30.34236], [30.81389, 30.33142], [30.70155, 30.22774], [30.48588, 30.33878], [30.52893, 30.47858], [30.64801, 30.48888], [30.66639, 30.46853]]]}}, {"type": "Feature", "properties": {"shapeID": "37247803B22185494316404", "shapeName": "Saf"}, "geometry": {"type": "MultiPolygon", "coordinates": [[[[31.29841, 29.77171], [31.30805, 29.75407], [31.32101, 29.76086], [31.32295, 29.73031], [31.31716, 29.7124], [31.3325, 29.69433], [31.32938, 29.65255], [31.3367, 29.62304], [31.32177, 29.59598], [31.32916, 29.59434], [31.32464, 29.5847], [31.31781, 29.57963], [31.30597, 29.58291], [31.31302, 29.5561], [31.29935, 29.52405], [31.30564, 29.50556], [31.2895, 29.47264], [31.27306, 29.46865], [31.26775, 29.48684], [31.2548, 29.48941], [31.26438, 29.52051], [31.28421, 29.54082], [31.28426, 29.55593], [31.26871, 29.59194], [31.27285, 29.60209], [31.27422, 29.59444], [31.27213, 29.62671], [31.30348, 29.65981], [31.30139, 29.67379], [31.26735, 29.7169], [31.2715, 29.74485], [31.29841, 29.77171]]], [[[31.26531, 29.60333], [31.26893, 29.60876], [31.26751, 29.59743], [31.26531, 29.60333]]]]}}, {"type": "Feature", "properties": {"shapeID": "37247803B18851026884182", "shapeName": "Safaga"}, "geometry": {"type": "Polygon", "coordinates": [[[33.04144, 26.7864], [33.17235, 26.83796], [33.23006, 26.89894], [33.27729, 26.93173], [33.57118, 27.02477], [33.68686, 27.07592], [33.83053, 27.10971], [33.86042, 27.08614], [33.89005, 27.0768], [33.9031, 27.0591], [33.91039, 27.04244], [33.89346, 27.04579], [33.88768, 27.04029], [33.90391, 27.01018], [33.91429, 27.00477], [33.90208, 26.99054], [33.92423, 26.9742], [33.92204, 26.96571], [33.93659, 26.93594], [33.96485, 26.90949], [33.97108, 26.8888], [33.98148, 26.90061], [33.9966, 26.90128], [33.99179, 26.87223], [34.00645, 26.84923], [33.99261, 26.84421], [33.96871, 26.86308], [33.96727, 26.84838], [33.94852, 26.82395], [33.95154, 26.80247], [33.9391, 26.79123], [33.94188, 26.77044], [33.95988, 26.75295], [33.94373, 26.73782], [33.93796, 26.66857], [33.95148, 26.65236], [33.99375, 26.63437], [34.02065, 26.61158], [34.02364, 26.60103], [33.85522, 26.58639], [33.70744, 26.56065], [33.64173, 26.54031], [33.58899, 26.48745], [33.56254, 26.44036], [33.46446, 26.36004], [33.37973, 26.50628], [33.31731, 26.53166], [33.22856, 26.50769], [33.15338, 26.52485], [32.93116, 26.69319], [33.04144, 26.7864]]]}}, {"type": "Feature", "properties": {"shapeID": "37247803B82943552263009", "shapeName": "Sahil Silim"}, "geometry": {"type": "Polygon", "coordinates": [[[31.40174, 27.04372], [31.37378, 27.02424], [31.34661, 27.03757], [31.32605, 27.07156], [31.32859, 27.09511], [31.30379, 27.16259], [31.32115, 27.14026], [31.32845, 27.11569], [31.33633, 27.11578], [31.33304, 27.10467], [31.35714, 27.10522], [31.38666, 27.07019], [31.42514, 27.04608], [31.42233, 27.04069], [31.40174, 27.04372]]]}}, {"type": "Feature", "properties": {"shapeID": "37247803B99889104547734", "shapeName": "Salloum"}, "geometry": {"type": "Polygon", "coordinates": [[[25.5475, 31.17779], [25.52531, 30.29128], [25.54526, 29.75082], [24.90399, 29.61471], [24.81671, 29.8057], [24.82913, 29.889], [24.76486, 30.06472], [24.75483, 30.08845], [24.69451, 30.15401], [24.72274, 30.21433], [24.76396, 30.27224], [24.77838, 30.32132], [24.85582, 30.39617], [24.88645, 30.44832], [24.91655, 30.47306], [24.94086, 30.51419], [24.94608, 30.5401], [24.94139, 30.587], [24.97264, 30.63363], [24.99756, 30.74172], [25.01772, 30.78629], [25.00278, 30.81979], [24.98289, 30.91189], [24.96138, 30.94253], [24.93515, 31.03015], [24.88061, 31.14575], [24.88743, 31.29964], [24.88113, 31.32378], [24.86617, 31.34546], [24.86111, 31.40591], [24.96362, 31.48021], [25.06275, 31.54199], [25.08414, 31.61013], [25.13154, 31.66658], [25.14213, 31.67028], [25.14456, 31.65549], [25.15007, 31.65902], [25.15544, 31.61843], [25.18115, 31.57411], [25.16208, 31.5604], [25.17019, 31.54261], [25.18821, 31.52617], [25.2934, 31.5067], [25.38162, 31.50236], [25.47179, 31.51579], [25.5475, 31.17779]]]}}, {"type": "Feature", "properties": {"shapeID": "37247803B28688372464969", "shapeName": "Samannud"}, "geometry": {"type": "Polygon", "coordinates": [[[31.17419, 30.87942], [31.17613, 30.89204], [31.18928, 30.88715], [31.19414, 30.89241], [31.1872, 30.90094], [31.19609, 30.90572], [31.1997, 30.92729], [31.19355, 30.93352], [31.20764, 30.95619], [31.2042, 30.96631], [31.21311, 30.97293], [31.21725, 30.99358], [31.23102, 31.00132], [31.21973, 31.0039], [31.19992, 31.02283], [31.20381, 31.04555], [31.22803, 31.0569], [31.23971, 31.05595], [31.24515, 31.04612], [31.2571, 31.04315], [31.26787, 31.05635], [31.29764, 31.05988], [31.30586, 31.05443], [31.29719, 31.03869], [31.31659, 31.01581], [31.30523, 31.00657], [31.29718, 30.98208], [31.2569, 30.96952], [31.23923, 30.95256], [31.26235, 30.92763], [31.26116, 30.91651], [31.23384, 30.89794], [31.24769, 30.88811], [31.24843, 30.88208], [31.23445, 30.8769], [31.24838, 30.86885], [31.25251, 30.84468], [31.22407, 30.84172], [31.22133, 30.85393], [31.20375, 30.84991], [31.20391, 30.85976], [31.18295, 30.85893], [31.1701, 30.86657], [31.16987, 30.87507], [31.15779, 30.87788], [31.17419, 30.87942]]]}}, {"type": "Feature", "properties": {"shapeID": "37247803B38427943153509", "shapeName": "Sant Katrin"}, "geometry": {"type": "Polygon", "coordinates": [[[33.6232, 28.83316], [33.66511, 28.90976], [33.68486, 28.92694], [33.77241, 28.96102], [33.81608, 28.96268], [33.9532, 28.91763], [34.2039, 28.89642], [34.243, 28.95403], [34.30262, 28.92619], [34.33707, 28.9174], [34.29173, 28.81347], [34.27234, 28.72751], [34.2902, 28.68964], [34.35355, 28.6298], [34.51623, 28.52638], [34.52318, 28.50341], [34.51334, 28.47349], [34.50305, 28.47228], [34.50596, 28.48108], [34.4903, 28.478], [34.46959, 28.4564], [34.4667, 28.44152], [34.45315, 28.42647], [34.45828, 28.41008], [34.44899, 28.36063], [34.43216, 28.34976], [34.4207, 28.33225], [34.06993, 28.4352], [33.99191, 28.46711], [33.92706, 28.51702], [33.83081, 28.61818], [33.72867, 28.70448], [33.60349, 28.82632], [33.6232, 28.83316]]]}}, {"type": "Feature", "properties": {"shapeID": "37247803B92664797200587", "shapeName": "Santa"}, "geometry": {"type": "Polygon", "coordinates": [[[31.12531, 30.66562], [31.11577, 30.67183], [31.10361, 30.66795], [31.10002, 30.67383], [31.08843, 30.66645], [31.08565, 30.67374], [31.09412, 30.68246], [31.07088, 30.69623], [31.07097, 30.71517], [31.06099, 30.71639], [31.04945, 30.70532], [31.03145, 30.71117], [31.04116, 30.72331], [31.04206, 30.75133], [31.04903, 30.74809], [31.05338, 30.76254], [31.07782, 30.76751], [31.07517, 30.77486], [31.06389, 30.77536], [31.06097, 30.78341], [31.04891, 30.78782], [31.06197, 30.83462], [31.09002, 30.86254], [31.11153, 30.86544], [31.10915, 30.87245], [31.11614, 30.87759], [31.13766, 30.88141], [31.15968, 30.87625], [31.1483, 30.85932], [31.1539, 30.85034], [31.17375, 30.84451], [31.1682, 30.83353], [31.17038, 30.8166], [31.15424, 30.809], [31.1547, 30.79315], [31.16431, 30.78255], [31.15797, 30.7479], [31.17641, 30.73404], [31.16768, 30.70399], [31.17347, 30.68307], [31.16512, 30.67507], [31.15601, 30.67649], [31.15391, 30.66941], [31.12531, 30.66562]]]}}, {"type": "Feature", "properties": {"shapeID": "37247803B11540085647408", "shapeName": "Saqulta"}, "geometry": {"type": "Polygon", "coordinates": [[[31.70428, 26.66488], [31.71976, 26.65085], [31.71653, 26.64401], [31.72399, 26.63608], [31.71946, 26.62918], [31.71369, 26.62662], [31.70964, 26.63575], [31.68605, 26.64377], [31.65005, 26.64581], [31.63769, 26.66606], [31.64342, 26.70158], [31.6253, 26.71685], [31.60774, 26.72032], [31.57654, 26.75582], [31.60189, 26.75821], [31.62519, 26.74847], [31.64073, 26.72287], [31.66353, 26.71606], [31.69324, 26.67792], [31.70565, 26.67123], [31.70428, 26.66488]]]}}, {"type": "Feature", "properties": {"shapeID": "37247803B41278628102289", "shapeName": "Sayyida Zainab"}, "geometry": {"type": "Polygon", "coordinates": [[[31.25304, 30.03772], [31.24962, 30.0195], [31.23265, 30.02364], [31.23623, 30.04062], [31.25304, 30.03772]]]}}, {"type": "Feature", "properties": {"shapeID": "37247803B26246524516343", "shapeName": "Shallatin"}, "geometry": {"type": "Polygon", "coordinates": [[[35.80891, 22.74582], [35.75291, 22.69892], [35.68609, 22.62346], [35.5938, 22.46858], [35.55753, 22.36382], [35.53801, 22.23325], [35.55124, 21.99913], [33.50566, 21.99943], [33.48609, 23.8822], [33.97245, 24.05931], [34.14846, 24.08255], [34.38308, 24.10017], [34.94799, 24.10869], [35.48142, 24.14203], [35.50576, 24.11057], [35.51139, 24.12633], [35.49208, 24.14013], [35.50892, 24.14439], [35.52706, 24.12027], [35.53872, 24.11381], [35.54921, 24.12021], [35.58469, 24.0939], [35.60187, 24.05751], [35.60088, 24.02791], [35.60661, 24.01841], [35.62343, 24.01485], [35.6422, 24.00116], [35.6532, 24.00847], [35.68139, 24.01175], [35.72798, 23.99536], [35.76774, 23.96191], [35.78167, 23.92444], [35.80054, 23.90871], [35.79053, 23.89862], [35.79008, 23.90999], [35.77158, 23.92571], [35.7699, 23.93858], [35.75251, 23.94476], [35.72756, 23.93702], [35.69052, 23.91196], [35.64189, 23.93375], [35.63172, 23.92938], [35.5864, 23.93814], [35.5661, 23.96121], [35.55134, 23.95861], [35.51429, 23.93155], [35.52916, 23.94614], [35.52338, 23.94937], [35.55979, 23.96575], [35.5172, 23.98434], [35.50428, 23.98011], [35.5004, 23.95902], [35.49038, 23.94592], [35.48454, 23.94816], [35.48275, 23.93463], [35.47774, 23.94364], [35.47446, 23.94092], [35.47411, 23.92243], [35.48147, 23.92201], [35.47634, 23.9107], [35.48584, 23.91141], [35.48289, 23.87481], [35.48921, 23.88141], [35.49076, 23.86486], [35.4902, 23.84936], [35.47816, 23.85488], [35.4849, 23.82393], [35.47598, 23.81908], [35.47687, 23.78945], [35.493, 23.77218], [35.50798, 23.79453], [35.51635, 23.77504], [35.51041, 23.74869], [35.50516, 23.76781], [35.50134, 23.76073], [35.49254, 23.76483], [35.49036, 23.76003], [35.4904, 23.75315], [35.50648, 23.74299], [35.51322, 23.69298], [35.5083, 23.63665], [35.49432, 23.65471], [35.48872, 23.64477], [35.5014, 23.61192], [35.49725, 23.59807], [35.4934, 23.60925], [35.49, 23.60618], [35.49146, 23.5925], [35.49952, 23.5899], [35.50457, 23.59605], [35.5108, 23.58553], [35.48981, 23.50617], [35.48274, 23.5191], [35.49064, 23.48205], [35.53996, 23.4253], [35.55832, 23.37183], [35.55635, 23.3017], [35.57299, 23.26146], [35.57293, 23.21576], [35.59178, 23.20386], [35.59573, 23.18223], [35.61274, 23.1731], [35.61954, 23.16143], [35.66106, 23.06029], [35.66278, 23.01067], [35.67794, 22.97446], [35.67048, 22.98223], [35.66178, 22.98049], [35.66845, 22.94999], [35.68033, 22.9486], [35.68629, 22.95887], [35.69935, 22.92451], [35.72183, 22.89132], [35.74262, 22.8811], [35.74459, 22.87086], [35.7816, 22.83359], [35.79477, 22.83723], [35.78359, 22.84344], [35.79153, 22.85334], [35.80823, 22.82582], [35.80612, 22.81609], [35.85146, 22.76848], [35.80891, 22.74582]]]}}, {"type": "Feature", "properties": {"shapeID": "37247803B39887765706268", "shapeName": "Sharm el-Sheikh"}, "geometry": {"type": "MultiPolygon", "coordinates": [[[[34.6568, 27.92822], [34.67021, 27.93846], [34.66071, 27.94599], [34.68827, 27.9613], [34.72104, 27.95337], [34.72161, 27.94522], [34.72784, 27.94804], [34.72778, 27.94173], [34.73896, 27.93499], [34.74205, 27.9205], [34.70584, 27.90549], [34.6944, 27.92601], [34.70054, 27.93205], [34.68683, 27.94581], [34.67243, 27.94063], [34.67072, 27.92308], [34.6568, 27.92822]]], [[[34.52329, 28.01656], [34.55232, 28.00537], [34.55352, 27.99445], [34.51904, 27.98559], [34.50746, 27.99346], [34.50657, 27.97934], [34.53504, 27.96459], [34.55743, 27.9663], [34.56758, 27.97335], [34.58992, 27.96954], [34.58707, 27.95383], [34.62155, 27.93305], [34.62417, 27.92179], [34.60006, 27.91425], [34.55519, 27.91315], [34.52954, 27.93856], [34.50542, 27.94674], [34.50722, 27.96258], [34.49588, 28.00179], [34.52329, 28.01656]]], [[[33.98332, 28.13721], [34.03931, 28.27071], [34.09543, 28.42775], [34.4207, 28.33225], [34.40897, 28.30545], [34.41839, 28.24262], [34.40895, 28.2306], [34.42003, 28.2132], [34.41714, 28.20475], [34.44167, 28.18623], [34.45101, 28.16014], [34.44092, 28.1348], [34.4396, 28.10015], [34.42853, 28.08379], [34.4303, 28.06803], [34.43874, 28.0625], [34.44285, 28.02122], [34.42217, 27.97001], [34.4017, 27.96475], [34.38545, 27.95174], [34.38798, 27.94266], [34.37189, 27.93539], [34.36713, 27.91853], [34.35029, 27.91275], [34.33596, 27.91661], [34.33037, 27.91089], [34.33088, 27.8885], [34.32075, 27.87982], [34.32584, 27.86694], [34.3189, 27.85032], [34.30597, 27.84865], [34.29585, 27.86408], [34.28957, 27.8509], [34.28857, 27.85722], [34.27551, 27.85486], [34.27813, 27.83855], [34.26553, 27.82643], [34.26923, 27.81734], [34.2585, 27.79178], [34.24131, 27.78714], [34.23979, 27.79449], [34.22479, 27.78926], [34.21449, 27.79573], [34.2054, 27.78635], [34.22208, 27.76344], [34.25682, 27.76698], [34.24942, 27.75909], [34.25882, 27.72897], [34.24417, 27.74211], [34.24835, 27.72659], [34.19222, 27.78421], [34.11299, 27.79698], [34.09294, 27.78854], [34.08716, 27.79739], [34.05826, 27.80711], [34.01408, 27.84649], [34.00019, 27.86776], [33.99321, 27.86743], [33.98021, 27.88778], [33.95515, 27.89388], [33.98332, 28.13721]]]]}}, {"type": "Feature", "properties": {"shapeID": "37247803B86158206640686", "shapeName": "Shaykh Zayed"}, "geometry": {"type": "Polygon", "coordinates": [[[30.93267, 30.06746], [30.93325, 30.07484], [30.94381, 30.07409], [30.97304, 30.0891], [31.02453, 30.03045], [30.99309, 30.00946], [30.98266, 30.0087], [30.93267, 30.06746]]]}}, {"type": "Feature", "properties": {"shapeID": "37247803B84548629991625", "shapeName": "Shaykh Zuwayd"}, "geometry": {"type": "Polygon", "coordinates": [[[33.72135, 30.60724], [33.73963, 30.89901], [33.87576, 31.06015], [33.86708, 31.16145], [33.99888, 31.20251], [34.07318, 31.23661], [34.16916, 31.00116], [34.20372, 30.80608], [34.19919, 30.60603], [33.72135, 30.60724]]]}}, {"type": "Feature", "properties": {"shapeID": "37247803B46387157880741", "shapeName": "Shibin al-Kum"}, "geometry": {"type": "Polygon", "coordinates": [[[31.04423, 30.57722], [31.0426, 30.56165], [31.01573, 30.5568], [31.03221, 30.53633], [31.01169, 30.53326], [31.00538, 30.52532], [30.98423, 30.54952], [30.98233, 30.57137], [31.02854, 30.58678], [31.04423, 30.57722]]]}}, {"type": "Feature", "properties": {"shapeID": "37247803B79022336260348", "shapeName": "Shibin al-Kum"}, "geometry": {"type": "Polygon", "coordinates": [[[31.05606, 30.47192], [31.03627, 30.48549], [31.00753, 30.47783], [30.9983, 30.48318], [30.99498, 30.50989], [30.96981, 30.50773], [30.96628, 30.52113], [30.94587, 30.53309], [30.94316, 30.54716], [30.91887, 30.55141], [30.92663, 30.56732], [30.93895, 30.56841], [30.94389, 30.57985], [30.95477, 30.58552], [30.9531, 30.60648], [30.96089, 30.61526], [30.9552, 30.62827], [30.96485, 30.62919], [30.9634, 30.64141], [30.97375, 30.6391], [30.97462, 30.64873], [30.98535, 30.64227], [30.99039, 30.64859], [31.01367, 30.64941], [31.02791, 30.64401], [31.02319, 30.62412], [31.02731, 30.61966], [31.0522, 30.62089], [31.0465, 30.62586], [31.0718, 30.62277], [31.06352, 30.60131], [31.07192, 30.58961], [31.08229, 30.58844], [31.08346, 30.57645], [31.07088, 30.56825], [31.08341, 30.56036], [31.0694, 30.5568], [31.06483, 30.54863], [31.07363, 30.54083], [31.05881, 30.5297], [31.06225, 30.51398], [31.0501, 30.51014], [31.07207, 30.505], [31.07498, 30.48278], [31.05606, 30.47192]], [[31.02854, 30.58678], [30.98233, 30.57137], [30.98423, 30.54952], [31.00538, 30.52532], [31.01169, 30.53326], [31.03221, 30.53633], [31.01573, 30.5568], [31.0426, 30.56165], [31.04423, 30.57722], [31.02854, 30.58678]]]}}, {"type": "Feature", "properties": {"shapeID": "37247803B12662956160688", "shapeName": "Shibin al-Qanatir"}, "geometry": {"type": "Polygon", "coordinates": [[[31.34245, 30.29265], [31.33935, 30.26604], [31.30833, 30.25772], [31.30609, 30.22221], [31.31635, 30.21922], [31.31629, 30.21103], [31.30677, 30.20747], [31.29766, 30.18623], [31.27496, 30.1827], [31.27107, 30.20453], [31.25547, 30.22578], [31.25478, 30.23412], [31.26789, 30.2444], [31.26013, 30.25212], [31.26485, 30.27155], [31.2581, 30.28201], [31.26597, 30.30268], [31.25398, 30.30468], [31.25321, 30.31149], [31.26776, 30.31784], [31.26514, 30.32369], [31.2857, 30.32969], [31.29104, 30.32392], [31.29815, 30.3345], [31.28494, 30.38474], [31.29628, 30.38243], [31.28987, 30.39702], [31.3006, 30.40298], [31.3056, 30.39882], [31.31035, 30.41034], [31.33194, 30.39968], [31.33233, 30.39032], [31.34667, 30.38155], [31.34329, 30.37233], [31.35304, 30.36897], [31.35401, 30.35744], [31.34282, 30.35662], [31.34126, 30.34144], [31.35094, 30.34139], [31.37342, 30.32466], [31.36819, 30.31969], [31.37177, 30.30453], [31.34245, 30.29265]]]}}, {"type": "Feature", "properties": {"shapeID": "37247803B76793683664752", "shapeName": "Shirbin"}, "geometry": {"type": "MultiPolygon", "coordinates": [[[[31.45436, 31.20398], [31.4797, 31.21753], [31.47776, 31.22647], [31.49243, 31.23631], [31.49051, 31.24903], [31.44953, 31.27439], [31.45829, 31.28978], [31.48243, 31.29543], [31.48654, 31.32939], [31.49695, 31.35459], [31.56642, 31.35308], [31.54597, 31.34044], [31.55155, 31.32085], [31.60136, 31.29626], [31.60553, 31.30424], [31.64792, 31.26553], [31.67354, 31.27112], [31.68096, 31.26194], [31.66738, 31.24766], [31.64782, 31.24189], [31.61687, 31.245], [31.6153, 31.23219], [31.63506, 31.2175], [31.57935, 31.18381], [31.51329, 31.19087], [31.50749, 31.18429], [31.51224, 31.1652], [31.48809, 31.17456], [31.48178, 31.20146], [31.44854, 31.19068], [31.45436, 31.20398]]], [[[31.54684, 31.15939], [31.53252, 31.14028], [31.51429, 31.16672], [31.50984, 31.18657], [31.55003, 31.1794], [31.58847, 31.18376], [31.59515, 31.17505], [31.59084, 31.16349], [31.54684, 31.15939]]]]}}, {"type": "Feature", "properties": {"shapeID": "37247803B54771343993886", "shapeName": "Shroq"}, "geometry": {"type": "Polygon", "coordinates": [[[31.48685, 30.16598], [31.61719, 30.1851], [31.64176, 30.15827], [31.65415, 30.11361], [31.6193, 30.11677], [31.55161, 30.09653], [31.4333, 30.08168], [31.43333, 30.10117], [31.44972, 30.1247], [31.43234, 30.15128], [31.48685, 30.16598]]]}}, {"type": "Feature", "properties": {"shapeID": "37247803B2980274366801", "shapeName": "Shubra"}, "geometry": {"type": "Polygon", "coordinates": [[[31.24556, 30.06348], [31.24618, 30.08011], [31.25659, 30.07953], [31.24556, 30.06348]]]}}, {"type": "Feature", "properties": {"shapeID": "37247803B87868406017087", "shapeName": "Shubra Al-Khayma 1"}, "geometry": {"type": "Polygon", "coordinates": [[[31.24378, 30.10518], [31.23023, 30.13007], [31.26121, 30.15015], [31.26428, 30.15845], [31.26848, 30.14678], [31.26192, 30.10975], [31.24378, 30.10518]]]}}, {"type": "Feature", "properties": {"shapeID": "37247803B84983151070332", "shapeName": "Shubra Al-Khayma 2"}, "geometry": {"type": "Polygon", "coordinates": [[[31.29795, 30.12963], [31.29063, 30.13111], [31.28425, 30.11346], [31.26192, 30.10975], [31.26491, 30.15319], [31.27037, 30.15756], [31.3051, 30.15741], [31.31296, 30.1423], [31.29795, 30.12963]]]}}, {"type": "Feature", "properties": {"shapeID": "37247803B97013363059523", "shapeName": "Shubra Kh\u00eet"}, "geometry": {"type": "Polygon", "coordinates": [[[30.60544, 31.0413], [30.63688, 31.06914], [30.64516, 31.06749], [30.64547, 31.05767], [30.65193, 31.05905], [30.67003, 31.0671], [30.67524, 31.0778], [30.69863, 31.08418], [30.72488, 31.06481], [30.71743, 31.01847], [30.75398, 31.00365], [30.76042, 30.98712], [30.74746, 30.96643], [30.76098, 30.9503], [30.77946, 30.94092], [30.78375, 30.93], [30.76564, 30.92254], [30.75775, 30.9374], [30.73999, 30.92312], [30.72082, 30.94115], [30.70742, 30.94032], [30.68921, 30.9568], [30.67246, 30.94299], [30.66443, 30.95704], [30.62404, 30.95213], [30.60811, 30.97774], [30.57505, 30.97265], [30.58776, 30.99832], [30.60033, 30.99375], [30.6036, 30.99947], [30.59239, 31.01793], [30.57359, 31.02487], [30.56876, 31.04085], [30.60544, 31.0413]]]}}, {"type": "Feature", "properties": {"shapeID": "37247803B72914028370389", "shapeName": "Sidfa"}, "geometry": {"type": "Polygon", "coordinates": [[[31.36637, 27.00025], [31.39616, 26.96644], [31.44196, 26.94309], [31.42703, 26.92915], [31.39776, 26.92003], [31.37824, 26.88635], [31.3515, 26.89966], [31.35079, 26.90858], [31.35957, 26.91505], [31.35272, 26.91542], [31.35998, 26.92121], [31.34794, 26.93611], [31.33143, 26.93506], [31.32769, 26.92823], [31.31858, 26.93272], [31.31216, 26.94269], [31.31713, 26.9461], [31.31031, 26.95127], [31.30773, 26.9698], [31.31498, 26.97422], [31.31082, 26.97998], [31.36637, 27.00025]]]}}, {"type": "Feature", "properties": {"shapeID": "37247803B34514127980105", "shapeName": "Sidi Barani"}, "geometry": {"type": "Polygon", "coordinates": [[[26.22282, 31.30305], [26.29493, 31.28901], [26.25591, 31.02066], [26.19226, 29.76543], [26.1793, 29.27708], [25.77197, 29.34848], [25.6685, 29.44606], [25.54111, 29.74984], [25.54526, 29.75082], [25.52531, 30.29128], [25.5475, 31.17779], [25.47179, 31.51579], [25.50925, 31.52046], [25.66731, 31.56554], [25.79736, 31.60915], [25.89548, 31.6296], [26.0534, 31.6022], [26.26937, 31.54563], [26.22282, 31.30305]]]}}, {"type": "Feature", "properties": {"shapeID": "37247803B76316502393625", "shapeName": "Sidi Gabir"}, "geometry": {"type": "Polygon", "coordinates": [[[29.96315, 31.22639], [29.96198, 31.2188], [29.98879, 31.20901], [29.95419, 31.19778], [29.9349, 31.20359], [29.9314, 31.22144], [29.94803, 31.23474], [29.96315, 31.22639]]]}}, {"type": "Feature", "properties": {"shapeID": "37247803B12762735296795", "shapeName": "Sidi Salim"}, "geometry": {"type": "MultiPolygon", "coordinates": [[[[30.80704, 31.21037], [30.78354, 31.24007], [30.78236, 31.26925], [30.75625, 31.2873], [30.7419, 31.26594], [30.72663, 31.26362], [30.72443, 31.2535], [30.70431, 31.2675], [30.6847, 31.25232], [30.66527, 31.25003], [30.60681, 31.27415], [30.60794, 31.28581], [30.63038, 31.29945], [30.62552, 31.31638], [30.65002, 31.36992], [30.63984, 31.38935], [30.65974, 31.39072], [30.66979, 31.40537], [30.67399, 31.39613], [30.68501, 31.39787], [30.68461, 31.39051], [30.69859, 31.40912], [30.71064, 31.40471], [30.71474, 31.38226], [30.725, 31.37787], [30.73674, 31.38083], [30.73365, 31.39437], [30.74618, 31.40808], [30.76744, 31.40051], [30.7748, 31.38816], [30.78577, 31.38376], [30.78162, 31.39792], [30.78862, 31.38435], [30.79154, 31.39445], [30.80717, 31.39461], [30.81114, 31.40255], [30.80237, 31.41584], [30.79562, 31.41591], [30.80052, 31.40726], [30.79341, 31.40672], [30.77719, 31.42161], [30.82196, 31.42272], [30.82078, 31.4083], [30.83114, 31.41618], [30.83266, 31.42722], [30.84228, 31.43081], [30.84872, 31.42633], [30.84799, 31.39329], [30.83848, 31.36114], [30.84835, 31.31314], [30.85639, 31.29985], [30.87419, 31.30643], [30.89919, 31.28653], [30.90787, 31.26617], [30.90511, 31.23672], [30.88548, 31.2228], [30.86814, 31.22604], [30.88421, 31.2004], [30.88029, 31.19829], [30.85516, 31.20161], [30.84601, 31.20907], [30.82997, 31.19786], [30.80265, 31.19429], [30.80704, 31.21037]]], [[[30.80642, 31.52067], [30.78005, 31.51279], [30.77357, 31.50271], [30.74833, 31.50233], [30.7326, 31.49111], [30.69876, 31.48313], [30.70011, 31.47298], [30.68509, 31.45929], [30.64835, 31.44087], [30.61709, 31.44236], [30.59533, 31.42933], [30.5765, 31.4304], [30.5616, 31.47017], [30.79191, 31.53886], [30.80642, 31.52067]]]]}}, {"type": "Feature", "properties": {"shapeID": "37247803B43017025732324", "shapeName": "Sinbillawin"}, "geometry": {"type": "Polygon", "coordinates": [[[31.34942, 30.84704], [31.36284, 30.84804], [31.35658, 30.86588], [31.37939, 30.85268], [31.39204, 30.86323], [31.38421, 30.88045], [31.39929, 30.90816], [31.37842, 30.91483], [31.39266, 30.92675], [31.39357, 30.96245], [31.3987, 30.96138], [31.39826, 30.94903], [31.40618, 30.95858], [31.42427, 30.94369], [31.43613, 30.95047], [31.44517, 30.94388], [31.45629, 30.96165], [31.49385, 30.95792], [31.51386, 30.94198], [31.51257, 30.92071], [31.53751, 30.91921], [31.52881, 30.90222], [31.54041, 30.90128], [31.5448, 30.91222], [31.55261, 30.90015], [31.57433, 30.91406], [31.58373, 30.90506], [31.6176, 30.9013], [31.64245, 30.87669], [31.63271, 30.84934], [31.59534, 30.84003], [31.59356, 30.82116], [31.57338, 30.8141], [31.52565, 30.82329], [31.50182, 30.81142], [31.49309, 30.81718], [31.48514, 30.8111], [31.46241, 30.82531], [31.43324, 30.82071], [31.43146, 30.81124], [31.41626, 30.80916], [31.41274, 30.8026], [31.40485, 30.81199], [31.37987, 30.81178], [31.37213, 30.80431], [31.34173, 30.82876], [31.34942, 30.84704]]]}}, {"type": "Feature", "properties": {"shapeID": "37247803B57049820860179", "shapeName": "Sinuras"}, "geometry": {"type": "Polygon", "coordinates": [[[30.73934, 29.3786], [30.72783, 29.42166], [30.74533, 29.43297], [30.73588, 29.45749], [30.74028, 29.47301], [30.78054, 29.47029], [30.81225, 29.48338], [30.8077, 29.48486], [30.82169, 29.50501], [30.80381, 29.51598], [30.82639, 29.51985], [30.82506, 29.5267], [30.80587, 29.52987], [30.81844, 29.54029], [30.84109, 29.52234], [30.86153, 29.51996], [30.86079, 29.49856], [30.87783, 29.48825], [30.89556, 29.48761], [30.89778, 29.47803], [30.87832, 29.47587], [30.88603, 29.44072], [30.9103, 29.41386], [30.90304, 29.40378], [30.91088, 29.3854], [30.92932, 29.38615], [30.93436, 29.37792], [30.92877, 29.35927], [30.90698, 29.35659], [30.89926, 29.34466], [30.86888, 29.35275], [30.85264, 29.34309], [30.83588, 29.37338], [30.81973, 29.37475], [30.8138, 29.36448], [30.79937, 29.37577], [30.7898, 29.37067], [30.78909, 29.36215], [30.73934, 29.3786]]]}}, {"type": "Feature", "properties": {"shapeID": "37247803B52946313788554", "shapeName": "Sirs Al-Layyana City"}, "geometry": {"type": "Polygon", "coordinates": [[[30.99657, 30.43408], [30.987, 30.41985], [30.96758, 30.42176], [30.94633, 30.43972], [30.95233, 30.45108], [30.94737, 30.45441], [30.9573, 30.46864], [30.97394, 30.46598], [30.98823, 30.45472], [30.99657, 30.43408]]]}}, {"type": "Feature", "properties": {"shapeID": "37247803B75450946768070", "shapeName": "Siwa"}, "geometry": {"type": "Polygon", "coordinates": [[[25.00158, 27.64856], [25.00134, 29.25696], [24.91535, 29.43744], [24.86646, 29.52061], [24.86902, 29.57219], [24.90399, 29.61471], [25.54111, 29.74984], [25.6685, 29.44606], [25.77197, 29.34848], [26.1793, 29.27708], [26.17096, 28.96972], [26.17643, 28.69788], [26.19577, 28.59001], [26.28459, 28.55092], [27.83086, 28.57875], [27.36089, 27.67578], [25.00158, 27.64856]]]}}, {"type": "Feature", "properties": {"shapeID": "37247803B22529416419300", "shapeName": "Suez"}, "geometry": {"type": "Polygon", "coordinates": [[[32.55816, 29.982], [32.58356, 29.98495], [32.57951, 29.95228], [32.56204, 29.935], [32.55357, 29.94348], [32.56419, 29.95375], [32.55702, 29.95984], [32.55816, 29.982]]]}}, {"type": "Feature", "properties": {"shapeID": "37247803B36599937729420", "shapeName": "Suhag"}, "geometry": {"type": "Polygon", "coordinates": [[[31.69597, 26.55279], [31.70297, 26.52628], [31.69788, 26.52459], [31.68378, 26.53753], [31.68934, 26.55042], [31.68409, 26.56519], [31.69882, 26.56879], [31.69597, 26.55279]]]}}, {"type": "Feature", "properties": {"shapeID": "37247803B47370411243252", "shapeName": "Suhag"}, "geometry": {"type": "Polygon", "coordinates": [[[31.5901, 26.60386], [31.59934, 26.60647], [31.60013, 26.61839], [31.62362, 26.61939], [31.65804, 26.64011], [31.69712, 26.63798], [31.70627, 26.62346], [31.71, 26.59831], [31.70414, 26.58681], [31.69891, 26.58745], [31.69882, 26.56879], [31.68414, 26.56702], [31.68934, 26.55042], [31.68378, 26.53753], [31.69132, 26.52698], [31.70606, 26.52627], [31.76863, 26.56634], [31.77692, 26.56762], [31.78743, 26.54225], [31.76567, 26.52793], [31.76949, 26.51731], [31.75663, 26.51248], [31.75001, 26.49193], [31.7379, 26.49673], [31.73199, 26.48398], [31.71192, 26.47559], [31.71661, 26.45899], [31.70626, 26.45228], [31.6914, 26.45378], [31.66759, 26.51408], [31.6233, 26.54373], [31.6148, 26.57279], [31.60431, 26.58214], [31.57629, 26.58581], [31.5901, 26.60386]]]}}, {"type": "Feature", "properties": {"shapeID": "37247803B53988405424911", "shapeName": "Suhag-2"}, "geometry": {"type": "Polygon", "coordinates": [[[31.69597, 26.55279], [31.70111, 26.561], [31.70669, 26.54082], [31.71665, 26.53593], [31.70297, 26.52628], [31.69597, 26.55279]]]}}, {"type": "Feature", "properties": {"shapeID": "37247803B45887361748458", "shapeName": "Suhag City"}, "geometry": {"type": "Polygon", "coordinates": [[[31.64741, 26.45058], [31.6258, 26.49418], [31.66087, 26.50393], [31.67114, 26.47578], [31.65462, 26.46879], [31.66185, 26.45664], [31.64741, 26.45058]]]}}, {"type": "Feature", "properties": {"shapeID": "37247803B50724482845491", "shapeName": "Sumusta"}, "geometry": {"type": "Polygon", "coordinates": [[[30.91032, 29.0103], [30.89193, 28.98355], [30.90067, 28.98126], [30.91401, 28.98856], [30.91076, 28.96701], [30.9191, 28.95303], [30.90168, 28.92906], [30.91947, 28.9254], [30.92176, 28.90394], [30.9142, 28.90135], [30.88402, 28.91492], [30.88854, 28.9276], [30.8781, 28.92894], [30.86735, 28.89099], [30.83827, 28.90025], [30.82943, 28.88073], [30.80945, 28.87574], [30.7828, 28.88038], [30.78751, 28.9303], [30.81058, 28.93689], [30.83798, 29.0148], [30.86744, 29.0241], [30.91032, 29.0103]]]}}, {"type": "Feature", "properties": {"shapeID": "37247803B8228928204650", "shapeName": "Taba"}, "geometry": {"type": "Polygon", "coordinates": [[[34.87985, 29.5357], [34.90924, 29.49854], [34.86774, 29.48456], [34.85254, 29.46396], [34.77237, 29.4635], [34.76752, 29.47513], [34.77373, 29.49715], [34.7688, 29.52235], [34.87985, 29.5357]]]}}, {"type": "Feature", "properties": {"shapeID": "37247803B8272861874741", "shapeName": "Tahta"}, "geometry": {"type": "MultiPolygon", "coordinates": [[[[31.55384, 26.7353], [31.52555, 26.72611], [31.52891, 26.71687], [31.52144, 26.7176], [31.49783, 26.74574], [31.50462, 26.75047], [31.50283, 26.76151], [31.51601, 26.75763], [31.50966, 26.78075], [31.48941, 26.77732], [31.48147, 26.78708], [31.4701, 26.77811], [31.46758, 26.75881], [31.4851, 26.74924], [31.48197, 26.73735], [31.44766, 26.76037], [31.44177, 26.74806], [31.43012, 26.75237], [31.42987, 26.74089], [31.4037, 26.73907], [31.37945, 26.7757], [31.33849, 26.80415], [31.37361, 26.80969], [31.38916, 26.81956], [31.39874, 26.81391], [31.41526, 26.82101], [31.43922, 26.81836], [31.43809, 26.81332], [31.45704, 26.81533], [31.46294, 26.82764], [31.4808, 26.82645], [31.50345, 26.85453], [31.52093, 26.81787], [31.52403, 26.7752], [31.56053, 26.75458], [31.55384, 26.7353]]], [[[31.54686, 26.77171], [31.53252, 26.79818], [31.52938, 26.81602], [31.53583, 26.81328], [31.53647, 26.80006], [31.55368, 26.77043], [31.54686, 26.77171]]]]}}, {"type": "Feature", "properties": {"shapeID": "37247803B71444962307175", "shapeName": "Tal al-Kabir, al-"}, "geometry": {"type": "Polygon", "coordinates": [[[31.7985, 30.48218], [31.8169, 30.487], [31.822, 30.49481], [31.81673, 30.5055], [31.82059, 30.51283], [31.80899, 30.52383], [31.76563, 30.51817], [31.75653, 30.52587], [31.75266, 30.55797], [31.7716, 30.57332], [31.86605, 30.55528], [31.97648, 30.5755], [32.06548, 30.56329], [32.07055, 30.54507], [32.05683, 30.43637], [32.05251, 30.25816], [31.83979, 30.27146], [31.81737, 30.3603], [31.7985, 30.48218]]]}}, {"type": "Feature", "properties": {"shapeID": "37247803B52680576777799", "shapeName": "Tala"}, "geometry": {"type": "Polygon", "coordinates": [[[30.93367, 30.59337], [30.92125, 30.62032], [30.90962, 30.62404], [30.88571, 30.65195], [30.88765, 30.66961], [30.84987, 30.66725], [30.84903, 30.65831], [30.84517, 30.67863], [30.80373, 30.67159], [30.80499, 30.6845], [30.79212, 30.69717], [30.80513, 30.71772], [30.81467, 30.7179], [30.81778, 30.73553], [30.82367, 30.73411], [30.82631, 30.71838], [30.84778, 30.71803], [30.85603, 30.73483], [30.8702, 30.71642], [30.89576, 30.72395], [30.89465, 30.73383], [30.88675, 30.73687], [30.91892, 30.73753], [30.92254, 30.74632], [30.93282, 30.74935], [30.95267, 30.74448], [30.96672, 30.72951], [30.96396, 30.71704], [30.97083, 30.72768], [30.97953, 30.72403], [30.97588, 30.71148], [30.98603, 30.70344], [31.00094, 30.71369], [31.02382, 30.70368], [31.01843, 30.7008], [31.02134, 30.69222], [31.01468, 30.69284], [31.01285, 30.68668], [31.02628, 30.66589], [31.02519, 30.65028], [30.99039, 30.64859], [30.98535, 30.64227], [30.97462, 30.64873], [30.97375, 30.6391], [30.9634, 30.64141], [30.96692, 30.63489], [30.9552, 30.62827], [30.96089, 30.61526], [30.95216, 30.59618], [30.93367, 30.59337]]]}}, {"type": "Feature", "properties": {"shapeID": "37247803B18011904824806", "shapeName": "Talkha"}, "geometry": {"type": "Polygon", "coordinates": [[[31.39821, 31.18584], [31.40845, 31.17821], [31.41991, 31.18157], [31.42113, 31.18946], [31.44854, 31.19068], [31.47647, 31.20245], [31.48178, 31.20146], [31.48809, 31.17456], [31.47261, 31.17724], [31.46851, 31.15697], [31.44919, 31.15493], [31.45162, 31.1373], [31.43098, 31.12137], [31.42323, 31.09322], [31.39683, 31.05521], [31.34151, 31.04501], [31.33359, 31.03815], [31.33569, 31.02436], [31.31659, 31.01581], [31.29719, 31.03869], [31.30586, 31.05443], [31.29707, 31.06466], [31.3082, 31.08217], [31.3327, 31.08956], [31.34267, 31.08608], [31.34495, 31.09463], [31.33415, 31.09887], [31.33765, 31.11014], [31.35054, 31.11691], [31.35374, 31.12959], [31.34839, 31.13408], [31.35424, 31.14252], [31.37283, 31.15373], [31.37404, 31.16059], [31.38351, 31.16053], [31.38071, 31.1812], [31.39821, 31.18584]]]}}, {"type": "Feature", "properties": {"shapeID": "37247803B5321471482777", "shapeName": "Tama"}, "geometry": {"type": "Polygon", "coordinates": [[[31.38262, 26.88957], [31.3801, 26.89567], [31.39279, 26.90536], [31.39776, 26.92003], [31.42703, 26.92915], [31.44196, 26.94309], [31.47899, 26.91156], [31.49011, 26.86705], [31.50631, 26.85668], [31.50056, 26.8569], [31.4808, 26.82645], [31.46294, 26.82764], [31.45704, 26.81533], [31.43809, 26.81332], [31.43922, 26.81836], [31.41526, 26.82101], [31.39874, 26.81391], [31.38916, 26.81956], [31.37361, 26.80969], [31.33849, 26.80415], [31.33941, 26.81577], [31.36094, 26.81913], [31.33689, 26.86116], [31.38262, 26.88957]]]}}, {"type": "Feature", "properties": {"shapeID": "37247803B352337860507", "shapeName": "Tamy Al-Amdid"}, "geometry": {"type": "Polygon", "coordinates": [[[31.67872, 30.96152], [31.68922, 30.94048], [31.67989, 30.92818], [31.64916, 30.91802], [31.62636, 30.9213], [31.61439, 30.89932], [31.58373, 30.90506], [31.57433, 30.91406], [31.55261, 30.90015], [31.5448, 30.91222], [31.54041, 30.90128], [31.52881, 30.90222], [31.53751, 30.91921], [31.51257, 30.92071], [31.51386, 30.94198], [31.49385, 30.95792], [31.48007, 30.96008], [31.4725, 30.97046], [31.49459, 30.9696], [31.50016, 30.9802], [31.51787, 30.97217], [31.55927, 30.9684], [31.56404, 30.97523], [31.58457, 30.97986], [31.5882, 30.99322], [31.60274, 30.99705], [31.65164, 30.98168], [31.65748, 30.96961], [31.68614, 30.97103], [31.67872, 30.96152]]]}}, {"type": "Feature", "properties": {"shapeID": "37247803B840289217117", "shapeName": "Tamya"}, "geometry": {"type": "Polygon", "coordinates": [[[30.99396, 29.40012], [30.98466, 29.37415], [30.96589, 29.38878], [30.9578, 29.3796], [30.91332, 29.38363], [30.90304, 29.40378], [30.9103, 29.41386], [30.88603, 29.44072], [30.87832, 29.47587], [30.89778, 29.47803], [30.89783, 29.48354], [30.86079, 29.49856], [30.86153, 29.51996], [30.89345, 29.51464], [30.92785, 29.52687], [30.93849, 29.5345], [30.93967, 29.54857], [30.95897, 29.55993], [31.01291, 29.55685], [31.01333, 29.54281], [31.05322, 29.53033], [31.07769, 29.49572], [31.08177, 29.43755], [31.07347, 29.41708], [31.05648, 29.39867], [30.99396, 29.40012]]]}}, {"type": "Feature", "properties": {"shapeID": "37247803B22733539273982", "shapeName": "Tanta"}, "geometry": {"type": "Polygon", "coordinates": [[[30.87538, 30.89442], [30.93212, 30.90094], [30.96384, 30.9004], [30.96865, 30.89005], [30.97218, 30.90359], [30.97797, 30.90433], [30.98506, 30.89459], [30.99715, 30.89364], [31.01604, 30.91539], [31.03324, 30.91304], [31.04018, 30.90084], [31.0528, 30.89529], [31.1001, 30.89488], [31.09465, 30.87814], [31.11102, 30.87233], [31.11153, 30.86544], [31.09002, 30.86254], [31.06197, 30.83462], [31.04891, 30.78782], [31.06097, 30.78341], [31.06389, 30.77536], [31.07517, 30.77486], [31.07782, 30.76751], [31.05338, 30.76254], [31.04903, 30.74809], [31.04206, 30.75133], [31.04116, 30.72331], [31.03242, 30.70736], [31.0211, 30.70377], [31.00094, 30.71369], [30.98603, 30.70344], [30.97588, 30.71148], [30.97953, 30.72403], [30.97083, 30.72768], [30.96258, 30.71822], [30.96672, 30.72951], [30.94969, 30.74657], [30.93282, 30.74935], [30.92254, 30.74632], [30.91892, 30.73753], [30.89572, 30.73944], [30.89533, 30.78964], [30.88432, 30.79127], [30.87549, 30.80806], [30.88199, 30.83354], [30.87153, 30.84596], [30.88363, 30.84915], [30.885, 30.86224], [30.87318, 30.86433], [30.87538, 30.89442]], [[30.97443, 30.7959], [30.97033, 30.7718], [30.98617, 30.77335], [30.99538, 30.76761], [31.01704, 30.77279], [31.02786, 30.79458], [31.02362, 30.81159], [31.00617, 30.81372], [31.00458, 30.81993], [30.99214, 30.82357], [30.98683, 30.81103], [30.99158, 30.80517], [30.97443, 30.7959]]]}}, {"type": "Feature", "properties": {"shapeID": "37247803B50363997957176", "shapeName": "Tanta 1"}, "geometry": {"type": "Polygon", "coordinates": [[[30.98683, 30.81103], [30.99214, 30.82357], [31.00458, 30.81993], [31.00617, 30.81372], [31.02362, 30.81159], [31.02786, 30.79458], [31.01704, 30.77279], [30.99538, 30.76761], [31.00653, 30.78069], [31.0054, 30.79108], [30.98683, 30.81103]]]}}, {"type": "Feature", "properties": {"shapeID": "37247803B26296956455174", "shapeName": "Tanta 2"}, "geometry": {"type": "Polygon", "coordinates": [[[30.98617, 30.77335], [30.97033, 30.7718], [30.97443, 30.7959], [30.99158, 30.80517], [31.0054, 30.79108], [31.00653, 30.78069], [30.99538, 30.76761], [30.98617, 30.77335]]]}}, {"type": "Feature", "properties": {"shapeID": "37247803B46763181924450", "shapeName": "Tiba police station"}, "geometry": {"type": "Polygon", "coordinates": [[[32.66365, 25.74411], [32.69198, 25.77311], [32.73028, 25.77865], [32.72785, 25.76046], [32.73421, 25.73928], [32.75312, 25.72886], [32.74066, 25.70265], [32.71844, 25.71028], [32.70937, 25.69708], [32.66365, 25.74411]]]}}, {"type": "Feature", "properties": {"shapeID": "37247803B54771061850383", "shapeName": "Tukh"}, "geometry": {"type": "Polygon", "coordinates": [[[31.11766, 30.37065], [31.13905, 30.37324], [31.14002, 30.39349], [31.15246, 30.39637], [31.16732, 30.41863], [31.17488, 30.4145], [31.16826, 30.39619], [31.17965, 30.38683], [31.18855, 30.40037], [31.21725, 30.3956], [31.2458, 30.40581], [31.26329, 30.40292], [31.27584, 30.41353], [31.30064, 30.41282], [31.3006, 30.40298], [31.28868, 30.39479], [31.29628, 30.38243], [31.28494, 30.38474], [31.29815, 30.3345], [31.29104, 30.32392], [31.2857, 30.32969], [31.26514, 30.32369], [31.26776, 30.31784], [31.25321, 30.31149], [31.25398, 30.30468], [31.26597, 30.30268], [31.25839, 30.2725], [31.23122, 30.26989], [31.23515, 30.29264], [31.2195, 30.29949], [31.21666, 30.32108], [31.20606, 30.32437], [31.2072, 30.30482], [31.19178, 30.28494], [31.16447, 30.29035], [31.13232, 30.27876], [31.12811, 30.29638], [31.09982, 30.29774], [31.11109, 30.31279], [31.10948, 30.32376], [31.08408, 30.3367], [31.05764, 30.36805], [31.06798, 30.37603], [31.09397, 30.36204], [31.10454, 30.37863], [31.11766, 30.37065]]]}}, {"type": "Feature", "properties": {"shapeID": "37247803B1884066406604", "shapeName": "Tura"}, "geometry": {"type": "Polygon", "coordinates": [[[31.2947, 29.91519], [31.28427, 29.91974], [31.28196, 29.93198], [31.26682, 29.94827], [31.29122, 29.96001], [31.31604, 29.95561], [31.32216, 29.96013], [31.4831, 29.96328], [31.48411, 29.922], [31.2947, 29.91519]]]}}, {"type": "Feature", "properties": {"shapeID": "37247803B52387591644217", "shapeName": "Tushaka"}, "geometry": {"type": "Polygon", "coordinates": [[[31.65688, 22.75779], [31.58597, 22.80122], [31.57301, 22.81558], [31.59516, 22.84552], [31.58706, 22.86734], [31.60536, 22.8967], [31.67764, 22.97224], [31.71265, 22.96744], [31.7559, 22.89212], [31.65688, 22.75779]]]}}, {"type": "Feature", "properties": {"shapeID": "37247803B30889137034133", "shapeName": "Umraniyya"}, "geometry": {"type": "Polygon", "coordinates": [[[31.14779, 29.99494], [31.20654, 30.01645], [31.21008, 29.98536], [31.19557, 29.9838], [31.18428, 29.96981], [31.14779, 29.99494]]]}}, {"type": "Feature", "properties": {"shapeID": "37247803B8184364272320", "shapeName": "Wadi Al-NatrUn"}, "geometry": {"type": "MultiPolygon", "coordinates": [[[[30.49698, 30.29623], [30.48817, 30.293], [30.48676, 30.30894], [30.49715, 30.3066], [30.49216, 30.29905], [30.49698, 30.29623]]], [[[30.45768, 30.31723], [30.43243, 30.32244], [30.43003, 30.34377], [30.45768, 30.31723]]], [[[30.40693, 30.36972], [30.40594, 30.36444], [30.38731, 30.37701], [30.3831, 30.38967], [30.40259, 30.38763], [30.40693, 30.36972]]], [[[30.38416, 30.39006], [30.34831, 30.41194], [30.37632, 30.40561], [30.38416, 30.39006]]], [[[30.33391, 30.43038], [30.30637, 30.42342], [30.29181, 30.43132], [30.31509, 30.43695], [30.33391, 30.43038]]], [[[30.16664, 30.47181], [30.15623, 30.47544], [30.1571, 30.48463], [30.1715, 30.48609], [30.16664, 30.47181]]]]}}, {"type": "Feature", "properties": {"shapeID": "37247803B78325352338503", "shapeName": "Waraq"}, "geometry": {"type": "MultiPolygon", "coordinates": [[[[31.23312, 30.12444], [31.23927, 30.11325], [31.23293, 30.0979], [31.21505, 30.12392], [31.20263, 30.12927], [31.23312, 30.12444]]], [[[31.19101, 30.0612], [31.16999, 30.06428], [31.1737, 30.08771], [31.14194, 30.08895], [31.1468, 30.0957], [31.19058, 30.10428], [31.18308, 30.11516], [31.18442, 30.13271], [31.2127, 30.12154], [31.22887, 30.0914], [31.2257, 30.08762], [31.22034, 30.09773], [31.21455, 30.09279], [31.20387, 30.09639], [31.20518, 30.08722], [31.18301, 30.0812], [31.18539, 30.06981], [31.19269, 30.06894], [31.19101, 30.0612]]]]}}, {"type": "Feature", "properties": {"shapeID": "37247803B96193438521946", "shapeName": "Yousef El sadeq"}, "geometry": {"type": "Polygon", "coordinates": [[[30.65346, 29.42564], [30.65745, 29.41864], [30.65023, 29.40165], [30.64321, 29.39891], [30.6466, 29.38707], [30.63192, 29.37193], [30.65298, 29.35419], [30.64556, 29.32917], [30.65806, 29.31696], [30.65469, 29.30625], [30.66251, 29.30694], [30.66734, 29.29997], [30.6633, 29.28285], [30.65235, 29.27333], [30.6538, 29.25087], [30.63616, 29.2484], [30.60364, 29.27811], [30.58517, 29.26025], [30.56639, 29.26581], [30.56257, 29.27437], [30.58302, 29.29165], [30.57251, 29.29684], [30.56005, 29.32953], [30.50879, 29.36193], [30.49316, 29.35707], [30.49538, 29.37919], [30.44667, 29.37581], [30.43506, 29.38165], [30.41772, 29.44], [30.40856, 29.44147], [30.4107, 29.4467], [30.49422, 29.40626], [30.53993, 29.41825], [30.60771, 29.42057], [30.64776, 29.4421], [30.66127, 29.45845], [30.66564, 29.44415], [30.65346, 29.42564]]]}}, {"type": "Feature", "properties": {"shapeID": "37247803B72756565577460", "shapeName": "Zamalik"}, "geometry": {"type": "Polygon", "coordinates": [[[31.21677, 30.06491], [31.22404, 30.07392], [31.22949, 30.04759], [31.22476, 30.0388], [31.21677, 30.06491]]]}}, {"type": "Feature", "properties": {"shapeID": "37247803B86566880158535", "shapeName": "Zaqaziq"}, "geometry": {"type": "Polygon", "coordinates": [[[31.64947, 30.59732], [31.6351, 30.59577], [31.64098, 30.58149], [31.61906, 30.58117], [31.60865, 30.57133], [31.61244, 30.56648], [31.60325, 30.55691], [31.60345, 30.54365], [31.59225, 30.54621], [31.57861, 30.53751], [31.5767, 30.53248], [31.58291, 30.53001], [31.57685, 30.51999], [31.59879, 30.51995], [31.58726, 30.50575], [31.59959, 30.49731], [31.58307, 30.4992], [31.5845, 30.48396], [31.57059, 30.47806], [31.54847, 30.49364], [31.53455, 30.49157], [31.52621, 30.47925], [31.50668, 30.48626], [31.4965, 30.51103], [31.48313, 30.49412], [31.48843, 30.4861], [31.46288, 30.48944], [31.4535, 30.51029], [31.46294, 30.51848], [31.4661, 30.53267], [31.4464, 30.55294], [31.42837, 30.5482], [31.42769, 30.55797], [31.41786, 30.55893], [31.41126, 30.5848], [31.39932, 30.59204], [31.39891, 30.61428], [31.37604, 30.61392], [31.36902, 30.6004], [31.35141, 30.59448], [31.34032, 30.60308], [31.34507, 30.62149], [31.35537, 30.61765], [31.35747, 30.62412], [31.38745, 30.62297], [31.37231, 30.66371], [31.39033, 30.67208], [31.38316, 30.68442], [31.40545, 30.68828], [31.41706, 30.68572], [31.41828, 30.67985], [31.43837, 30.69585], [31.44173, 30.68565], [31.46632, 30.68206], [31.48282, 30.69152], [31.49161, 30.68938], [31.49789, 30.68379], [31.4921, 30.67143], [31.49499, 30.66084], [31.52153, 30.64472], [31.53252, 30.65504], [31.54104, 30.6513], [31.55556, 30.65843], [31.54917, 30.65387], [31.56513, 30.63576], [31.56015, 30.6261], [31.5821, 30.60921], [31.58402, 30.59591], [31.60899, 30.60945], [31.64834, 30.60412], [31.64947, 30.59732]], [[31.50419, 30.5738], [31.51532, 30.57163], [31.52515, 30.58929], [31.52024, 30.59842], [31.53261, 30.61707], [31.5139, 30.59887], [31.49601, 30.60196], [31.48905, 30.58671], [31.50277, 30.58944], [31.50419, 30.5738]], [[31.47629, 30.64945], [31.46194, 30.65737], [31.45031, 30.6439], [31.44169, 30.64422], [31.44375, 30.61708], [31.46161, 30.61013], [31.48863, 30.61686], [31.49957, 30.64334], [31.48336, 30.63976], [31.4745, 30.64422], [31.47629, 30.64945]]]}}, {"type": "Feature", "properties": {"shapeID": "37247803B90697971403179", "shapeName": "Zaqaziq 1"}, "geometry": {"type": "Polygon", "coordinates": [[[31.52515, 30.58929], [31.5146, 30.57867], [31.51626, 30.57318], [31.50595, 30.5726], [31.50528, 30.58431], [31.52024, 30.59842], [31.52515, 30.58929]]]}}, {"type": "Feature", "properties": {"shapeID": "37247803B33284186287576", "shapeName": "Zaqaziq 2"}, "geometry": {"type": "Polygon", "coordinates": [[[31.50277, 30.58944], [31.48905, 30.58671], [31.49601, 30.60196], [31.5139, 30.59887], [31.53261, 30.61707], [31.53189, 30.60876], [31.50528, 30.58431], [31.50277, 30.58944]]]}}, {"type": "Feature", "properties": {"shapeID": "37247803B96389835129643", "shapeName": "Zarqa"}, "geometry": {"type": "Polygon", "coordinates": [[[31.59084, 31.16349], [31.59515, 31.17505], [31.58847, 31.18376], [31.63754, 31.21778], [31.62125, 31.22975], [31.62046, 31.24517], [31.64632, 31.23961], [31.69112, 31.25763], [31.72305, 31.24265], [31.74935, 31.24266], [31.76846, 31.22882], [31.73749, 31.21416], [31.68364, 31.2094], [31.67613, 31.21682], [31.63758, 31.18997], [31.61595, 31.16382], [31.59084, 31.16349]]]}}, {"type": "Feature", "properties": {"shapeID": "37247803B37865224267935", "shapeName": "Zawiyya Al-Hamra"}, "geometry": {"type": "Polygon", "coordinates": [[[31.25611, 30.10867], [31.28425, 30.11346], [31.27195, 30.082], [31.25724, 30.09778], [31.25611, 30.10867]]]}}, {"type": "Feature", "properties": {"shapeID": "37247803B46264859714526", "shapeName": "Zemam Out"}, "geometry": {"type": "Polygon", "coordinates": [[[31.37724, 29.79808], [31.41344, 29.79852], [31.41201, 29.88874], [31.37581, 29.8883], [31.37534, 29.9178], [31.48411, 29.922], [31.4831, 29.96328], [31.51661, 29.94109], [31.69564, 29.94697], [31.69754, 30.05273], [31.71317, 30.09308], [31.72445, 30.11064], [31.76808, 30.10649], [31.7608, 30.17105], [31.73473, 30.16603], [31.61719, 30.1851], [31.46343, 30.16062], [31.46341, 30.1679], [31.45286, 30.16724], [31.43309, 30.18298], [31.43298, 30.19099], [31.59172, 30.19752], [31.67728, 30.1838], [31.86202, 30.18769], [31.8996, 30.04717], [31.90697, 29.8706], [31.89333, 29.73371], [31.68367, 29.75939], [31.55321, 29.76265], [31.43684, 29.74837], [31.35538, 29.75222], [31.32097, 29.76047], [31.33481, 29.76768], [31.37776, 29.76721], [31.37724, 29.79808]]]}}, {"type": "Feature", "properties": {"shapeID": "37247803B99104887182997", "shapeName": "Zemam Out"}, "geometry": {"type": "Polygon", "coordinates": [[[29.96044, 30.73089], [29.86673, 30.646], [29.93942, 30.58935], [29.71894, 30.49825], [29.63277, 30.26278], [29.62518, 30.76005], [29.71759, 30.7693], [29.83046, 30.73337], [29.9241, 30.75879], [29.96044, 30.73089]]]}}, {"type": "Feature", "properties": {"shapeID": "37247803B97784107411787", "shapeName": "Zemam Out"}, "geometry": {"type": "Polygon", "coordinates": [[[31.73444, 30.46764], [31.75854, 30.46153], [31.79889, 30.47432], [31.81737, 30.3603], [31.86202, 30.18769], [31.67728, 30.1838], [31.59172, 30.19752], [31.55611, 30.25782], [31.53255, 30.27032], [31.38396, 30.29185], [31.41119, 30.33808], [31.43731, 30.34638], [31.47615, 30.34409], [31.55762, 30.36865], [31.5746, 30.31177], [31.58787, 30.30643], [31.63849, 30.34871], [31.63456, 30.36574], [31.65257, 30.37651], [31.63834, 30.41619], [31.66949, 30.42477], [31.66598, 30.43084], [31.73444, 30.46764]], [[31.7266, 30.19339], [31.75817, 30.2158], [31.70895, 30.27273], [31.66953, 30.25037], [31.68766, 30.22761], [31.68745, 30.20045], [31.70323, 30.21166], [31.7266, 30.19339]]]}}, {"type": "Feature", "properties": {"shapeID": "37247803B42023857067519", "shapeName": "Zemam Out"}, "geometry": {"type": "Polygon", "coordinates": [[[31.46211, 30.25056], [31.43209, 30.2502], [31.4327, 30.20759], [31.45213, 30.19156], [31.42524, 30.1909], [31.41476, 30.19639], [31.40537, 30.23793], [31.42433, 30.24333], [31.42635, 30.25431], [31.39962, 30.26221], [31.3897, 30.28794], [31.53255, 30.27032], [31.55611, 30.25782], [31.59172, 30.19752], [31.4632, 30.19203], [31.46211, 30.25056]]]}}, {"type": "Feature", "properties": {"shapeID": "37247803B42276960376835", "shapeName": "Zemam Out"}, "geometry": {"type": "Polygon", "coordinates": [[[30.29522, 30.56974], [30.35379, 30.59987], [30.53064, 30.57303], [30.59882, 30.54327], [30.64801, 30.48888], [30.52893, 30.47858], [30.48588, 30.33878], [30.70155, 30.22774], [30.36885, 29.91555], [30.33784, 29.87725], [29.87357, 30.13111], [30.15127, 30.48751], [30.22798, 30.50714], [30.29522, 30.56974]], [[30.49715, 30.3066], [30.48676, 30.30894], [30.48817, 30.293], [30.49698, 30.29623], [30.49216, 30.29905], [30.49715, 30.3066]], [[30.44105, 30.3306], [30.43003, 30.34377], [30.43243, 30.32244], [30.45768, 30.31723], [30.44105, 30.3306]], [[30.3831, 30.38967], [30.38731, 30.37701], [30.40594, 30.36444], [30.40259, 30.38763], [30.3831, 30.38967]], [[30.37632, 30.40561], [30.34831, 30.41194], [30.38416, 30.39006], [30.37632, 30.40561]], [[30.29435, 30.43375], [30.29181, 30.43132], [30.30637, 30.42342], [30.33391, 30.43038], [30.31509, 30.43695], [30.29435, 30.43375]], [[30.1715, 30.48609], [30.1571, 30.48463], [30.15623, 30.47544], [30.16664, 30.47181], [30.1715, 30.48609]]]}}, {"type": "Feature", "properties": {"shapeID": "37247803B81980397210132", "shapeName": "Zemam Out"}, "geometry": {"type": "MultiPolygon", "coordinates": [[[[31.87035, 29.38421], [31.8346, 28.99368], [31.46736, 29.0907], [31.20878, 29.19595], [31.247, 29.25219], [31.23806, 29.25873], [31.23705, 29.30618], [31.27785, 29.32489], [31.28528, 29.35536], [31.27728, 29.36212], [31.27434, 29.38629], [31.30029, 29.39929], [31.27702, 29.40674], [31.29253, 29.43506], [31.28624, 29.44563], [31.28758, 29.47315], [31.30564, 29.50556], [31.29935, 29.52405], [31.31302, 29.5561], [31.30597, 29.58291], [31.31781, 29.57963], [31.32464, 29.5847], [31.32916, 29.59434], [31.32177, 29.59598], [31.3367, 29.62304], [31.32938, 29.65255], [31.3325, 29.69433], [31.31716, 29.7124], [31.32295, 29.73031], [31.32097, 29.76047], [31.35538, 29.75222], [31.43684, 29.74837], [31.55321, 29.76265], [31.68367, 29.75939], [31.89333, 29.73371], [31.87035, 29.38421]]], [[[31.12516, 29.99275], [31.11906, 29.98343], [31.12741, 29.98678], [31.13954, 29.9809], [31.14188, 29.96129], [31.15057, 29.94861], [31.17546, 29.91863], [31.20824, 29.89587], [31.2111, 29.87531], [31.22225, 29.86534], [31.21181, 29.84667], [31.22243, 29.83994], [31.22715, 29.81868], [31.20318, 29.8116], [31.22393, 29.80923], [31.2284, 29.80243], [31.22142, 29.77552], [31.22369, 29.74018], [31.23735, 29.70027], [31.22283, 29.65818], [31.21163, 29.64987], [31.22389, 29.6326], [31.22685, 29.579], [31.22152, 29.57324], [31.22671, 29.56862], [31.21381, 29.5612], [31.20847, 29.52664], [31.21522, 29.5211], [31.21366, 29.51057], [31.22218, 29.50459], [31.21529, 29.49427], [31.20526, 29.4943], [31.19722, 29.47117], [31.18924, 29.46933], [31.18175, 29.45037], [31.17431, 29.44854], [31.17847, 29.43209], [31.12617, 29.42185], [31.10022, 29.45696], [31.05897, 29.60482], [31.03488, 29.72192], [30.75966, 29.7301], [30.24076, 29.41559], [30.01052, 29.228], [29.85652, 29.09132], [29.77497, 28.7792], [29.74033, 28.60411], [29.59452, 28.32146], [29.25751, 28.10275], [28.78998, 27.91937], [28.46664, 27.67461], [27.36089, 27.67578], [27.83086, 28.57875], [28.76147, 28.75152], [29.61309, 29.50912], [30.33784, 29.87725], [30.36885, 29.91555], [30.81389, 30.33142], [30.83688, 30.2959], [30.92107, 30.24572], [31.06877, 30.09984], [31.06371, 30.07491], [31.10197, 30.0396], [31.10602, 30.01346], [31.12516, 29.99275]], [[30.99091, 29.97557], [31.01326, 29.9713], [31.0156, 29.97762], [31.0064, 29.97759], [30.98266, 30.0087], [30.99309, 30.00946], [31.02453, 30.03045], [30.97304, 30.0891], [30.94381, 30.07409], [30.93325, 30.07484], [30.93267, 30.06746], [30.97227, 30.02105], [30.89063, 29.96902], [30.89651, 29.95878], [30.8568, 29.93391], [30.88986, 29.8934], [30.93616, 29.91398], [30.954, 29.95111], [30.99091, 29.97557]], [[29.16016, 28.46191], [29.13399, 28.4529], [29.14428, 28.42702], [29.17191, 28.43882], [29.16016, 28.46191]], [[29.13927, 28.52194], [29.11012, 28.50871], [29.12655, 28.48576], [29.14485, 28.4973], [29.13927, 28.52194]], [[29.11094, 28.61077], [29.06211, 28.62431], [29.02988, 28.61439], [29.05735, 28.58636], [29.11094, 28.61077]], [[28.9609, 28.37211], [28.93482, 28.36169], [28.94665, 28.33725], [28.97267, 28.34904], [28.9609, 28.37211]], [[28.89716, 28.48937], [28.85932, 28.49353], [28.85985, 28.46513], [28.83391, 28.45545], [28.8236, 28.47155], [28.77323, 28.44502], [28.72531, 28.44881], [28.71538, 28.40603], [28.76339, 28.41995], [28.78889, 28.40441], [28.82409, 28.42627], [28.88194, 28.43705], [28.89716, 28.48937]], [[28.82516, 28.55918], [28.79949, 28.54891], [28.81354, 28.52153], [28.84142, 28.53269], [28.82516, 28.55918]], [[28.76226, 28.40123], [28.74275, 28.39442], [28.74893, 28.38058], [28.76841, 28.38738], [28.76226, 28.40123]], [[28.75958, 28.37238], [28.74704, 28.36691], [28.76014, 28.35829], [28.76685, 28.36583], [28.75958, 28.37238]], [[28.72604, 28.09084], [28.69695, 28.08029], [28.71184, 28.05734], [28.74386, 28.07211], [28.72604, 28.09084]], [[28.69111, 28.34597], [28.66678, 28.33279], [28.68356, 28.30719], [28.70857, 28.32073], [28.69111, 28.34597]], [[28.67952, 28.20509], [28.66266, 28.19904], [28.67298, 28.17458], [28.70181, 28.19201], [28.67952, 28.20509]], [[28.61816, 28.14667], [28.59056, 28.13752], [28.60083, 28.11443], [28.62986, 28.12638], [28.61816, 28.14667]], [[28.53386, 28.19352], [28.50488, 28.18018], [28.51821, 28.15858], [28.54414, 28.17045], [28.53386, 28.19352]]]]}}, {"type": "Feature", "properties": {"shapeID": "37247803B53216268294562", "shapeName": "Zemam Out"}, "geometry": {"type": "MultiPolygon", "coordinates": [[[[30.91157, 28.73465], [30.92609, 28.74531], [30.91521, 28.76465], [30.92334, 28.78688], [30.91752, 28.79622], [30.92552, 28.80489], [30.93379, 28.85459], [30.95562, 28.8751], [30.96551, 28.87658], [30.96035, 28.88242], [30.99656, 28.89628], [31.01027, 28.92986], [31.02607, 28.94066], [31.0347, 28.93955], [31.03595, 28.96984], [31.043, 28.97949], [31.06413, 28.98077], [31.05214, 28.98855], [31.07269, 29.03069], [31.10779, 29.04077], [31.07335, 29.01501], [31.08335, 29.00351], [31.1125, 29.01551], [31.019, 28.91611], [31.06007, 28.87797], [31.18493, 28.93378], [31.25855, 29.00139], [31.15061, 29.09144], [31.16954, 29.1158], [31.18159, 29.15038], [31.17865, 29.15678], [31.19632, 29.17396], [31.21116, 29.1788], [31.20431, 29.18913], [31.20729, 29.19649], [31.46736, 29.0907], [31.8346, 28.99368], [31.87459, 28.90695], [31.79594, 28.77143], [31.76611, 28.69162], [31.78398, 28.63131], [31.75625, 28.56383], [31.88588, 28.29896], [31.71385, 28.24773], [31.55711, 28.26666], [31.35891, 28.32979], [31.22827, 28.40025], [31.16684, 28.49149], [31.10991, 28.6087], [31.03415, 28.69889], [30.90153, 28.70956], [30.91157, 28.73465]]], [[[31.16447, 29.42066], [31.16942, 29.41737], [31.16268, 29.37827], [31.13931, 29.35058], [31.11513, 29.29953], [31.08135, 29.27195], [30.99475, 29.23785], [31.01376, 29.2572], [31.06792, 29.34922], [31.12617, 29.42185], [31.17847, 29.43209], [31.16447, 29.42066]]], [[[30.94315, 29.20438], [30.94317, 29.19026], [30.88169, 29.12188], [30.88558, 29.09308], [30.87312, 29.0778], [30.86744, 29.0241], [30.83798, 29.0148], [30.81058, 28.93689], [30.78751, 28.9303], [30.78931, 28.91498], [30.78037, 28.88655], [30.78404, 28.86666], [30.76549, 28.84725], [30.74839, 28.81344], [30.73743, 28.76785], [29.77497, 28.7792], [29.85652, 29.09132], [30.10988, 29.03951], [30.29482, 29.02724], [30.29827, 28.9676], [30.37796, 28.96349], [30.50616, 28.99209], [30.81671, 29.08282], [30.86957, 29.13132], [30.90529, 29.20532], [30.9484, 29.20572], [30.94315, 29.20438]]]]}}, {"type": "Feature", "properties": {"shapeID": "37247803B45128523411897", "shapeName": "Zemam Out"}, "geometry": {"type": "Polygon", "coordinates": [[[30.90529, 29.20532], [30.86957, 29.13132], [30.81671, 29.08282], [30.50616, 28.99209], [30.37796, 28.96349], [30.29827, 28.9676], [30.29482, 29.02724], [30.10988, 29.03951], [29.85652, 29.09132], [30.01052, 29.228], [30.24076, 29.41559], [30.75966, 29.7301], [31.03488, 29.72192], [31.05897, 29.60482], [31.10022, 29.45696], [31.12617, 29.42185], [31.06792, 29.34922], [31.01376, 29.2572], [30.99448, 29.24143], [31.04476, 29.31209], [31.04217, 29.33128], [31.05569, 29.34459], [31.05875, 29.37548], [31.05015, 29.39077], [31.07347, 29.41708], [31.08443, 29.4525], [31.07769, 29.49572], [31.05322, 29.53033], [31.01333, 29.54281], [31.01291, 29.55685], [30.95897, 29.55993], [30.93967, 29.54857], [30.93433, 29.53026], [30.89345, 29.51464], [30.84109, 29.52234], [30.81844, 29.54029], [30.80587, 29.52987], [30.75445, 29.51417], [30.72989, 29.51884], [30.71621, 29.50588], [30.70694, 29.50419], [30.69102, 29.51308], [30.67187, 29.5102], [30.66067, 29.49116], [30.60868, 29.4989], [30.47166, 29.43831], [30.43829, 29.44684], [30.4107, 29.4467], [30.40856, 29.44147], [30.41772, 29.44], [30.43506, 29.38165], [30.44667, 29.37581], [30.49538, 29.37919], [30.49316, 29.35707], [30.50879, 29.36193], [30.56005, 29.32953], [30.57251, 29.29684], [30.58302, 29.29165], [30.56257, 29.27437], [30.56639, 29.26581], [30.58517, 29.26025], [30.60364, 29.27811], [30.64765, 29.24012], [30.65648, 29.21788], [30.67182, 29.21008], [30.67327, 29.20048], [30.65354, 29.19322], [30.56991, 29.21431], [30.5647, 29.1751], [30.54997, 29.17441], [30.55508, 29.16562], [30.56748, 29.16531], [30.56408, 29.13328], [30.59778, 29.12721], [30.59917, 29.11317], [30.70453, 29.09877], [30.72993, 29.11514], [30.83959, 29.11401], [30.86528, 29.18912], [30.85593, 29.25892], [30.91473, 29.24475], [30.92906, 29.22817], [30.92711, 29.21732], [30.94398, 29.21711], [30.95015, 29.20586], [30.90529, 29.20532]], [[30.89062, 29.22967], [30.87499, 29.23042], [30.87537, 29.22328], [30.86814, 29.22277], [30.87001, 29.1978], [30.894, 29.19679], [30.89062, 29.22967]], [[30.46532, 29.28613], [30.44338, 29.28558], [30.42825, 29.27668], [30.42716, 29.24659], [30.41266, 29.23717], [30.40811, 29.22309], [30.39593, 29.21909], [30.37408, 29.18559], [30.34815, 29.19207], [30.32497, 29.1834], [30.3227, 29.1761], [30.33626, 29.16185], [30.31866, 29.15477], [30.31722, 29.12758], [30.3394, 29.09952], [30.33098, 29.09343], [30.34831, 29.06049], [30.40027, 29.05317], [30.41487, 29.04484], [30.42139, 29.02937], [30.43185, 29.02742], [30.44113, 29.03593], [30.47689, 29.01402], [30.48019, 29.02968], [30.45782, 29.05507], [30.46183, 29.06618], [30.45447, 29.07895], [30.46029, 29.07933], [30.49916, 29.04294], [30.51112, 29.01708], [30.53047, 29.01448], [30.53113, 29.02551], [30.51514, 29.04082], [30.5292, 29.04215], [30.53116, 29.04999], [30.50746, 29.07989], [30.49833, 29.10258], [30.50144, 29.11339], [30.45384, 29.11707], [30.43467, 29.16054], [30.446, 29.19862], [30.46199, 29.22179], [30.47959, 29.21755], [30.47534, 29.20295], [30.48326, 29.19288], [30.51428, 29.19157], [30.52938, 29.22682], [30.52834, 29.24455], [30.52026, 29.26134], [30.50311, 29.27232], [30.49084, 29.27209], [30.46532, 29.28613]]]}}, {"type": "Feature", "properties": {"shapeID": "37247803B6993574009783", "shapeName": "Zemam Out"}, "geometry": {"type": "MultiPolygon", "coordinates": [[[[31.03415, 28.69889], [31.10991, 28.6087], [31.16684, 28.49149], [31.22827, 28.40025], [31.35891, 28.32979], [31.55711, 28.26666], [31.71385, 28.24773], [31.88588, 28.29896], [32.19013, 28.34474], [32.34451, 28.25584], [32.47193, 28.16578], [32.54668, 27.9087], [32.56866, 27.85326], [32.39349, 27.88], [32.33794, 27.85414], [32.20924, 27.84432], [32.01435, 27.79778], [31.85905, 27.74409], [31.7118, 27.68171], [31.55416, 27.65026], [31.3366, 27.65216], [30.87734, 27.60773], [30.90628, 27.65777], [30.88454, 27.71675], [30.89063, 27.74013], [30.89826, 27.73878], [30.89349, 27.75014], [30.90332, 27.77301], [30.91427, 27.77715], [30.90603, 27.78718], [30.90864, 27.79844], [30.87665, 27.81212], [30.8793, 27.82146], [30.86014, 27.82537], [30.83938, 27.858], [30.84488, 27.85805], [30.84421, 27.87286], [30.86453, 27.89578], [30.87652, 27.96476], [30.86223, 27.98864], [30.85127, 28.03051], [30.83144, 28.04566], [30.82228, 28.06404], [30.79367, 28.08199], [30.77098, 28.109], [30.76816, 28.11695], [30.77415, 28.19287], [30.74518, 28.29643], [30.75932, 28.32245], [30.77558, 28.3313], [30.77042, 28.35091], [30.78262, 28.35106], [30.77361, 28.35656], [30.77529, 28.37068], [30.78605, 28.37315], [30.81286, 28.39747], [30.82333, 28.39475], [30.82254, 28.409], [30.84078, 28.42859], [30.84619, 28.42641], [30.86163, 28.45674], [30.86546, 28.48835], [30.8625, 28.50753], [30.85397, 28.51657], [30.87021, 28.51091], [30.86999, 28.51965], [30.87887, 28.51752], [30.87035, 28.5261], [30.85338, 28.57892], [30.85522, 28.59115], [30.86199, 28.59036], [30.85971, 28.5986], [30.86635, 28.60287], [30.87575, 28.60122], [30.87239, 28.61081], [30.88513, 28.60002], [30.88973, 28.60333], [30.8715, 28.63619], [30.88205, 28.67125], [30.8933, 28.67863], [30.89687, 28.69584], [30.90335, 28.69855], [30.90137, 28.70957], [31.03415, 28.69889]], [[30.81314, 28.0894], [30.79633, 28.1372], [30.77272, 28.14195], [30.77084, 28.11334], [30.80306, 28.07876], [30.81314, 28.0894]]], [[[28.53467, 27.67273], [28.46664, 27.67461], [28.78998, 27.91937], [29.25751, 28.10275], [29.59452, 28.32146], [29.74033, 28.60411], [29.77497, 28.7792], [30.72063, 28.76771], [30.71401, 28.74499], [30.68754, 28.7217], [30.67576, 28.6938], [30.65752, 28.7035], [30.64513, 28.69138], [30.65225, 28.6749], [30.63587, 28.65304], [30.64612, 28.62672], [30.64609, 28.59215], [30.62984, 28.58152], [30.63412, 28.56775], [30.65318, 28.57035], [30.65776, 28.55426], [30.6504, 28.55607], [30.64911, 28.54686], [30.65777, 28.53893], [30.63348, 28.50833], [30.64045, 28.50019], [30.62484, 28.48236], [30.62911, 28.45898], [30.62429, 28.44507], [30.59627, 28.44577], [30.58312, 28.43353], [30.5895, 28.42307], [30.60567, 28.41938], [30.5851, 28.37932], [30.59563, 28.35469], [30.59382, 28.34499], [30.59957, 28.34328], [30.60961, 28.31726], [30.60213, 28.30651], [30.58951, 28.3091], [30.52607, 28.29704], [30.521, 28.29237], [30.51814, 28.25135], [30.52622, 28.23446], [30.5271, 28.19632], [30.54636, 28.16123], [30.54993, 28.13949], [30.54419, 28.12168], [30.56558, 28.09344], [30.60029, 28.08724], [30.62347, 28.09205], [30.62729, 28.08477], [30.6465, 28.08412], [30.62794, 28.07972], [30.62503, 28.07275], [30.62903, 28.05857], [30.64769, 28.05668], [30.64157, 28.05378], [30.65217, 28.04389], [30.64934, 28.0337], [30.6426, 28.03448], [30.6437, 28.01241], [30.64976, 27.99827], [30.6646, 27.9979], [30.66148, 27.98784], [30.67039, 27.98031], [30.66942, 27.9582], [30.68469, 27.90791], [30.67941, 27.89261], [30.6869, 27.88265], [30.69764, 27.88586], [30.70088, 27.84108], [30.72427, 27.79418], [30.7123, 27.75849], [30.7228, 27.75045], [30.71773, 27.74712], [30.71933, 27.72506], [30.71218, 27.72306], [30.70946, 27.70827], [30.71884, 27.70434], [30.71091, 27.6922], [30.69702, 27.69098], [30.69775, 27.68271], [30.68761, 27.67651], [30.68722, 27.65166], [30.68048, 27.65335], [30.68002, 27.63125], [30.6733, 27.63203], [30.67609, 27.60762], [30.53004, 27.60143], [28.53467, 27.67273]]]]}}, {"type": "Feature", "properties": {"shapeID": "37247803B74353300773864", "shapeName": "Zemam Out"}, "geometry": {"type": "MultiPolygon", "coordinates": [[[[32.90323, 24.87096], [32.88511, 24.92298], [32.90829, 24.95281], [32.91469, 24.98971], [32.90443, 24.99899], [32.90488, 25.01725], [32.88675, 25.03165], [32.8826, 25.06596], [32.85611, 25.08641], [32.84068, 25.10945], [32.82578, 25.1133], [32.81805, 25.12483], [32.79057, 25.14114], [32.7684, 25.14336], [32.73582, 25.16671], [32.71484, 25.19036], [32.71286, 25.19683], [32.72038, 25.20091], [32.68833, 25.22422], [32.65611, 25.23786], [32.64275, 25.23369], [32.678, 25.29584], [33.47127, 25.30657], [33.50566, 21.99943], [31.41444, 22.0], [31.41273, 22.02764], [31.43553, 22.08119], [31.46539, 22.1253], [31.50711, 22.16863], [31.5164, 22.19443], [31.5273, 22.18889], [31.53644, 22.20591], [31.54141, 22.19101], [31.56194, 22.1858], [31.54417, 22.20271], [31.53885, 22.21864], [31.54213, 22.21481], [31.57279, 22.22603], [31.61051, 22.26235], [31.63158, 22.25161], [31.64293, 22.25836], [31.68218, 22.23391], [31.6912, 22.24989], [31.66505, 22.25162], [31.65456, 22.27615], [31.63721, 22.27223], [31.6377, 22.28005], [31.61863, 22.29318], [31.65015, 22.31048], [31.65349, 22.3263], [31.66427, 22.30454], [31.67069, 22.31204], [31.66857, 22.33438], [31.68324, 22.33235], [31.68865, 22.31514], [31.69255, 22.31934], [31.70383, 22.31367], [31.68836, 22.33584], [31.71277, 22.35575], [31.739, 22.36494], [31.74831, 22.33686], [31.74418, 22.31817], [31.7711, 22.31757], [31.77562, 22.32165], [31.75209, 22.32646], [31.74811, 22.35538], [31.75686, 22.36147], [31.7603, 22.35234], [31.77638, 22.35304], [31.76678, 22.36306], [31.77132, 22.3684], [31.79427, 22.36636], [31.79974, 22.34569], [31.8125, 22.3477], [31.81765, 22.33048], [31.84135, 22.32854], [31.83077, 22.33892], [31.84156, 22.3413], [31.84808, 22.36156], [31.84406, 22.37255], [31.82123, 22.37483], [31.81117, 22.38647], [31.82396, 22.38238], [31.82557, 22.3903], [31.83546, 22.39027], [31.81272, 22.40532], [31.81521, 22.4215], [31.83307, 22.42469], [31.87835, 22.41104], [31.87658, 22.41624], [31.89699, 22.40237], [31.88264, 22.41661], [31.88912, 22.44102], [31.88041, 22.44517], [31.88672, 22.45256], [31.89574, 22.45185], [31.89338, 22.45832], [31.90252, 22.45796], [31.89714, 22.4685], [31.91332, 22.47448], [31.91844, 22.4698], [31.913, 22.47011], [31.91512, 22.46364], [31.93428, 22.45599], [31.92896, 22.477], [31.91828, 22.48924], [31.92004, 22.49773], [31.92404, 22.5002], [31.92686, 22.49153], [31.94097, 22.50639], [31.99079, 22.48274], [31.9788, 22.49742], [31.96119, 22.50229], [31.96559, 22.51303], [31.96088, 22.51954], [31.95598, 22.51525], [31.94428, 22.52543], [31.94563, 22.53875], [31.93823, 22.54772], [31.95251, 22.54336], [31.95916, 22.555], [31.92622, 22.57585], [31.95406, 22.58889], [31.95982, 22.56476], [31.97173, 22.56608], [31.97836, 22.55597], [31.97676, 22.58429], [32.00722, 22.57785], [31.99395, 22.59047], [31.98801, 22.58355], [31.97914, 22.59311], [31.97087, 22.58737], [31.96153, 22.60534], [31.96993, 22.61096], [31.97796, 22.60337], [31.98844, 22.60781], [31.98497, 22.6143], [31.98055, 22.60965], [31.96607, 22.61677], [31.96798, 22.62698], [31.98733, 22.64245], [31.99328, 22.63591], [31.99537, 22.64911], [31.99909, 22.64238], [32.0038, 22.64956], [32.01097, 22.64186], [32.00687, 22.65491], [32.01472, 22.66423], [32.01896, 22.6591], [32.02171, 22.66722], [32.03104, 22.65581], [32.02827, 22.63952], [32.03654, 22.65848], [32.04641, 22.65626], [32.05026, 22.64297], [32.05813, 22.6402], [32.04989, 22.62986], [32.05172, 22.62155], [32.05714, 22.61975], [32.05967, 22.63638], [32.06082, 22.62486], [32.0697, 22.62277], [32.05418, 22.65441], [32.07427, 22.65559], [32.04388, 22.66009], [32.02874, 22.67218], [32.03762, 22.67676], [32.05004, 22.6715], [32.0471, 22.68052], [32.06293, 22.67866], [32.06371, 22.68774], [32.07477, 22.66927], [32.0728, 22.68978], [32.08654, 22.68945], [32.079, 22.69693], [32.08877, 22.70275], [32.11167, 22.69468], [32.11095, 22.68273], [32.11546, 22.67864], [32.11616, 22.68967], [32.12074, 22.68959], [32.09891, 22.70823], [32.10613, 22.71663], [32.11449, 22.71281], [32.11936, 22.72159], [32.12531, 22.70815], [32.12626, 22.71953], [32.13237, 22.7146], [32.13344, 22.72516], [32.14437, 22.73315], [32.17425, 22.72715], [32.18498, 22.71144], [32.21502, 22.70151], [32.22753, 22.68842], [32.21152, 22.68708], [32.2126, 22.67866], [32.20506, 22.67971], [32.20736, 22.67047], [32.23526, 22.67817], [32.2453, 22.67214], [32.24743, 22.66715], [32.23425, 22.66438], [32.22227, 22.64112], [32.22938, 22.6372], [32.23153, 22.64591], [32.25059, 22.65778], [32.24455, 22.6465], [32.25506, 22.64575], [32.26141, 22.63471], [32.23523, 22.62595], [32.25637, 22.63019], [32.25544, 22.62124], [32.27556, 22.62377], [32.26148, 22.60077], [32.28881, 22.61124], [32.29119, 22.6005], [32.29997, 22.61185], [32.30998, 22.60489], [32.30789, 22.58721], [32.28947, 22.58224], [32.28098, 22.57272], [32.26612, 22.5724], [32.27778, 22.56116], [32.26528, 22.56137], [32.26231, 22.55544], [32.23882, 22.56285], [32.22646, 22.558], [32.24597, 22.55502], [32.24962, 22.54553], [32.25987, 22.54455], [32.25402, 22.53671], [32.26, 22.52614], [32.25179, 22.51144], [32.25805, 22.50881], [32.26811, 22.54188], [32.27164, 22.54527], [32.27907, 22.53307], [32.28129, 22.54476], [32.29265, 22.54342], [32.29111, 22.55288], [32.2961, 22.54244], [32.30733, 22.5411], [32.31173, 22.52606], [32.29037, 22.52229], [32.30342, 22.51908], [32.29912, 22.50811], [32.35043, 22.52378], [32.35435, 22.50393], [32.36021, 22.51211], [32.35201, 22.52859], [32.32546, 22.51939], [32.32167, 22.52773], [32.31338, 22.52776], [32.32167, 22.53383], [32.31347, 22.54467], [32.31701, 22.54818], [32.32145, 22.54154], [32.33801, 22.54608], [32.32617, 22.55434], [32.33235, 22.56597], [32.31887, 22.56689], [32.32619, 22.59651], [32.33648, 22.60335], [32.36132, 22.60096], [32.35814, 22.58445], [32.3644, 22.58181], [32.36481, 22.58997], [32.37423, 22.59049], [32.38728, 22.60476], [32.39962, 22.59625], [32.40455, 22.601], [32.41465, 22.56907], [32.41618, 22.59049], [32.40184, 22.61358], [32.42569, 22.61719], [32.4234, 22.62608], [32.41145, 22.62308], [32.43142, 22.66586], [32.44032, 22.65316], [32.45364, 22.65039], [32.43902, 22.66779], [32.44922, 22.68717], [32.4704, 22.68678], [32.48553, 22.66407], [32.49749, 22.66707], [32.49429, 22.63918], [32.50571, 22.6346], [32.52449, 22.60975], [32.53106, 22.62113], [32.52274, 22.62013], [32.5, 22.64586], [32.50091, 22.65919], [32.50928, 22.65525], [32.51084, 22.66004], [32.48969, 22.6732], [32.48179, 22.69175], [32.47125, 22.68902], [32.46079, 22.70561], [32.46878, 22.70349], [32.46865, 22.71002], [32.47171, 22.70359], [32.47464, 22.70838], [32.48048, 22.70502], [32.47273, 22.71325], [32.48143, 22.71893], [32.4885, 22.71106], [32.48479, 22.71758], [32.49602, 22.72278], [32.49153, 22.71584], [32.49774, 22.70498], [32.49803, 22.7183], [32.50584, 22.70975], [32.49759, 22.72473], [32.50083, 22.72855], [32.5085, 22.72847], [32.50653, 22.72125], [32.51222, 22.71669], [32.5084, 22.72721], [32.52688, 22.73126], [32.51236, 22.71495], [32.51784, 22.71464], [32.51788, 22.70318], [32.52542, 22.71532], [32.51835, 22.71939], [32.53947, 22.73697], [32.54518, 22.71947], [32.5378, 22.71011], [32.54484, 22.71717], [32.54733, 22.70883], [32.54979, 22.71244], [32.54286, 22.72716], [32.54637, 22.73454], [32.55097, 22.73128], [32.54811, 22.74273], [32.5545, 22.73112], [32.55671, 22.70689], [32.56747, 22.69955], [32.55882, 22.69194], [32.56916, 22.68632], [32.56533, 22.69138], [32.57883, 22.69707], [32.59004, 22.67637], [32.58037, 22.6978], [32.55846, 22.70661], [32.56618, 22.71411], [32.55852, 22.72303], [32.56914, 22.72431], [32.55704, 22.73188], [32.56136, 22.7362], [32.55661, 22.73887], [32.56609, 22.73851], [32.55987, 22.75018], [32.57102, 22.74504], [32.57115, 22.73804], [32.5761, 22.73835], [32.57412, 22.74514], [32.58793, 22.74496], [32.58963, 22.72656], [32.58333, 22.72506], [32.5799, 22.71592], [32.58829, 22.72475], [32.59503, 22.72043], [32.59193, 22.72733], [32.60231, 22.73088], [32.59872, 22.72264], [32.60876, 22.71587], [32.62233, 22.71546], [32.62877, 22.72006], [32.63199, 22.71317], [32.63561, 22.71194], [32.63042, 22.72217], [32.64922, 22.71695], [32.65354, 22.72337], [32.63073, 22.72446], [32.62362, 22.71918], [32.62206, 22.72597], [32.61331, 22.71618], [32.61236, 22.72442], [32.60855, 22.71952], [32.60379, 22.72535], [32.61594, 22.73547], [32.60521, 22.73161], [32.60818, 22.74043], [32.59192, 22.73125], [32.59856, 22.74094], [32.59226, 22.73601], [32.59002, 22.744], [32.59711, 22.74488], [32.59987, 22.74778], [32.57256, 22.7508], [32.57775, 22.76296], [32.58612, 22.76567], [32.58636, 22.7766], [32.60144, 22.75745], [32.59628, 22.77629], [32.60473, 22.78269], [32.5921, 22.78362], [32.5904, 22.79619], [32.59892, 22.78913], [32.61125, 22.79154], [32.59256, 22.81007], [32.59926, 22.81535], [32.60584, 22.81016], [32.60329, 22.81827], [32.59586, 22.81875], [32.597, 22.83127], [32.6052, 22.83698], [32.62042, 22.83554], [32.62526, 22.80807], [32.6264, 22.83082], [32.64168, 22.8211], [32.65132, 22.79756], [32.65238, 22.81686], [32.67137, 22.8173], [32.65109, 22.82034], [32.61625, 22.84298], [32.61465, 22.85486], [32.59843, 22.84493], [32.60233, 22.89214], [32.6196, 22.90964], [32.63095, 22.88435], [32.64201, 22.87942], [32.63903, 22.88488], [32.64768, 22.88862], [32.63519, 22.89082], [32.62454, 22.90863], [32.63442, 22.90602], [32.6361, 22.92002], [32.65064, 22.91526], [32.64835, 22.92393], [32.6619, 22.91941], [32.65949, 22.92797], [32.66727, 22.9154], [32.65435, 22.90943], [32.66888, 22.90961], [32.67655, 22.91924], [32.69386, 22.90579], [32.67788, 22.93429], [32.67009, 22.95745], [32.6751, 22.9593], [32.67996, 22.94897], [32.68991, 22.95511], [32.70836, 22.94209], [32.70069, 22.92717], [32.69003, 22.92278], [32.70211, 22.91357], [32.70932, 22.93022], [32.72822, 22.94757], [32.71637, 22.95597], [32.72192, 22.95942], [32.72949, 22.95398], [32.74049, 22.97298], [32.72213, 22.98991], [32.73127, 22.99329], [32.74997, 22.98567], [32.75331, 22.99032], [32.75482, 23.02296], [32.73654, 23.04887], [32.75602, 23.05297], [32.75872, 23.06212], [32.77494, 23.04914], [32.77505, 23.06938], [32.78266, 23.07073], [32.7928, 23.01093], [32.80586, 23.00652], [32.81933, 22.98807], [32.82831, 22.99468], [32.85099, 22.9719], [32.86977, 22.96795], [32.87434, 22.95174], [32.89306, 22.94526], [32.91242, 22.91989], [32.91891, 22.91607], [32.91544, 22.9265], [32.92769, 22.92486], [32.92841, 22.8985], [32.93648, 22.91893], [32.92782, 22.94005], [32.93556, 22.94195], [32.94852, 22.92891], [32.95862, 22.93065], [32.96415, 22.91823], [32.96261, 22.93126], [32.96857, 22.93608], [32.98075, 22.91683], [32.98502, 22.91905], [32.97583, 22.93374], [32.99377, 22.91749], [33.00147, 22.9228], [33.00803, 22.91166], [33.04113, 22.90019], [33.08688, 22.90744], [33.12608, 22.87572], [33.10366, 22.912], [33.04605, 22.90832], [33.03856, 22.9167], [33.04083, 22.92743], [33.02855, 22.92123], [33.01154, 22.92926], [33.00634, 22.93454], [33.00913, 22.94678], [33.00302, 22.94588], [33.00563, 22.9556], [32.99783, 22.94778], [32.93729, 22.95304], [32.93266, 22.96142], [32.93674, 22.9711], [32.94695, 22.97226], [32.93923, 22.97657], [32.94497, 22.97771], [32.93859, 22.98589], [32.92606, 22.96604], [32.91607, 22.96843], [32.91683, 22.9744], [32.92704, 22.97556], [32.91642, 22.99314], [32.94674, 22.99388], [32.9557, 23.00507], [32.94445, 23.01187], [32.93427, 23.04255], [32.92422, 23.03299], [32.92708, 23.02776], [32.91485, 23.03549], [32.91156, 23.05372], [32.90052, 23.0543], [32.89479, 23.06879], [32.87374, 23.05624], [32.86031, 23.06617], [32.85642, 23.07499], [32.8701, 23.07528], [32.8805, 23.08438], [32.8711, 23.08607], [32.86942, 23.09381], [32.85934, 23.09321], [32.8557, 23.1072], [32.86554, 23.12355], [32.84965, 23.1294], [32.8432, 23.14057], [32.85101, 23.14489], [32.84083, 23.15591], [32.85581, 23.16882], [32.8621, 23.15616], [32.894, 23.15446], [32.92729, 23.12777], [32.97064, 23.12168], [32.96997, 23.12974], [32.97676, 23.13305], [32.96891, 23.13747], [32.97209, 23.15028], [32.94643, 23.16336], [32.9457, 23.1843], [32.93867, 23.18628], [32.93356, 23.20134], [32.92612, 23.20184], [32.92946, 23.21166], [32.92203, 23.22802], [32.90893, 23.23152], [32.90738, 23.22408], [32.89384, 23.23494], [32.91424, 23.23486], [32.90924, 23.23898], [32.9238, 23.25983], [32.92793, 23.23537], [32.94169, 23.24865], [32.9477, 23.2399], [32.95747, 23.25774], [32.96363, 23.25542], [32.96358, 23.24347], [32.95323, 23.23725], [32.97416, 23.21864], [32.963, 23.20979], [32.97192, 23.20846], [32.98651, 23.2201], [32.99923, 23.21166], [33.01987, 23.21627], [33.04053, 23.19679], [33.04373, 23.20421], [33.03618, 23.21488], [33.04346, 23.22972], [33.01604, 23.24532], [33.01374, 23.25413], [32.99935, 23.25824], [32.99993, 23.27848], [33.01548, 23.27221], [33.01797, 23.29594], [33.03268, 23.2762], [33.03847, 23.2793], [33.03199, 23.29815], [33.03668, 23.30768], [33.02323, 23.31146], [33.01821, 23.31775], [33.0221, 23.32359], [33.0403, 23.32056], [33.04833, 23.30201], [33.04831, 23.27867], [33.05658, 23.29365], [33.04795, 23.3143], [33.06726, 23.30062], [33.06736, 23.2897], [33.07253, 23.2983], [33.07903, 23.29692], [33.07106, 23.30333], [33.07357, 23.30878], [33.06397, 23.30976], [33.06865, 23.31824], [33.06, 23.31544], [33.06214, 23.32617], [33.05436, 23.31718], [33.05055, 23.327], [33.03763, 23.32619], [33.04042, 23.33567], [33.03199, 23.32887], [33.02516, 23.33734], [32.99197, 23.3192], [32.9875, 23.31987], [32.99202, 23.33115], [32.9824, 23.32492], [32.98285, 23.33273], [32.96737, 23.33605], [32.97391, 23.34396], [32.96767, 23.34812], [32.96579, 23.36276], [32.97423, 23.35683], [32.9819, 23.36139], [32.98651, 23.35526], [32.98654, 23.36549], [32.99372, 23.36747], [33.04557, 23.35151], [33.04433, 23.36344], [33.05793, 23.35575], [33.05909, 23.36612], [33.07772, 23.35542], [33.08586, 23.37165], [33.06102, 23.36891], [33.06431, 23.37886], [33.04028, 23.36682], [33.0397, 23.38279], [33.03396, 23.36532], [33.02005, 23.36392], [33.0105, 23.36835], [33.01161, 23.37481], [33.00238, 23.37613], [32.99873, 23.38998], [33.00502, 23.39251], [32.99736, 23.39581], [32.99729, 23.40501], [32.98984, 23.39821], [32.98336, 23.40452], [32.97007, 23.40043], [32.97609, 23.36778], [32.96606, 23.37061], [32.95633, 23.38137], [32.96406, 23.38743], [32.95307, 23.39189], [32.94416, 23.41206], [32.96521, 23.42318], [32.97824, 23.40948], [32.96858, 23.42898], [32.9789, 23.42787], [33.0004, 23.44254], [33.00663, 23.45932], [32.98431, 23.43628], [32.96895, 23.43461], [32.94216, 23.41716], [32.92846, 23.42925], [32.94012, 23.43237], [32.94431, 23.43621], [32.93399, 23.4372], [32.95045, 23.44897], [32.94152, 23.45109], [32.92047, 23.43422], [32.91233, 23.45564], [32.92492, 23.45599], [32.91076, 23.46947], [32.93286, 23.45401], [32.92592, 23.46759], [32.94325, 23.4621], [32.95571, 23.46739], [32.94459, 23.47806], [32.93906, 23.46976], [32.92091, 23.4778], [32.90927, 23.47582], [32.90706, 23.48908], [32.91952, 23.49438], [32.90237, 23.49687], [32.90473, 23.50833], [32.91593, 23.50744], [32.90203, 23.51608], [32.90582, 23.52464], [32.92255, 23.52537], [32.91895, 23.52026], [32.93264, 23.50185], [32.96028, 23.50583], [32.99389, 23.49199], [33.02463, 23.48992], [33.00046, 23.50153], [32.98042, 23.50316], [32.97409, 23.52168], [32.9695, 23.52245], [32.97308, 23.50939], [32.96853, 23.5066], [32.93706, 23.52166], [32.96352, 23.52302], [32.965, 23.53346], [32.97753, 23.53633], [32.97247, 23.55022], [32.96677, 23.54044], [32.956, 23.53822], [32.95457, 23.52985], [32.93728, 23.54328], [32.96258, 23.56006], [32.95726, 23.56775], [32.95162, 23.56624], [32.95258, 23.55875], [32.92639, 23.54727], [32.93373, 23.55806], [32.90673, 23.5789], [32.8988, 23.57559], [32.91288, 23.60972], [32.90026, 23.60857], [32.9069, 23.6158], [32.90045, 23.61788], [32.90784, 23.62476], [32.90324, 23.63139], [32.91283, 23.63663], [32.9168, 23.62368], [32.92889, 23.62288], [32.91371, 23.65397], [32.9213, 23.65303], [32.92361, 23.66207], [32.93164, 23.65802], [32.93481, 23.63703], [32.94869, 23.63851], [32.95705, 23.63272], [32.95166, 23.64294], [32.95559, 23.64563], [32.96422, 23.62926], [32.97286, 23.6253], [32.96619, 23.61669], [32.97843, 23.62302], [32.97852, 23.61588], [32.99405, 23.61261], [32.9836, 23.61959], [32.98212, 23.63215], [32.96324, 23.63617], [32.9765, 23.64881], [32.98008, 23.6415], [32.99267, 23.64046], [32.98065, 23.65586], [33.00236, 23.66707], [32.98575, 23.66658], [32.98147, 23.67608], [32.98613, 23.68405], [32.97371, 23.69244], [32.98446, 23.69891], [32.9928, 23.69197], [32.98834, 23.69918], [32.99711, 23.70075], [32.97536, 23.72794], [32.96015, 23.72891], [32.97185, 23.73318], [32.96727, 23.74649], [32.97891, 23.75294], [33.00739, 23.74207], [32.99176, 23.75823], [32.99748, 23.77376], [32.98745, 23.76072], [32.965, 23.75101], [32.94894, 23.75337], [32.93104, 23.79575], [32.94152, 23.80062], [32.92987, 23.80497], [32.92529, 23.81862], [32.9356, 23.82752], [32.94132, 23.82029], [32.94293, 23.82543], [32.93328, 23.83009], [32.92215, 23.82374], [32.93155, 23.83656], [32.92276, 23.83488], [32.90826, 23.84765], [32.88882, 23.88459], [32.89736, 23.88616], [32.93583, 23.86593], [32.94091, 23.87054], [32.92386, 23.8743], [32.89891, 23.89147], [32.93151, 23.89493], [32.88912, 23.89481], [32.88431, 23.91348], [32.90154, 23.91765], [32.8728, 23.91859], [32.87406, 23.92519], [32.88438, 23.9244], [32.88759, 23.93235], [32.89156, 23.92899], [32.887, 23.93612], [32.90423, 23.9322], [32.88606, 23.94519], [32.92253, 23.93222], [32.93131, 23.9401], [32.92097, 23.93629], [32.92028, 23.94115], [32.88968, 23.94894], [32.90099, 23.95302], [32.88829, 23.95406], [32.89645, 23.95771], [32.88972, 23.96093], [32.89903, 23.96051], [32.8942, 23.96627], [32.90616, 23.96738], [32.90979, 23.96324], [32.91221, 23.96405], [32.90267, 23.97159], [32.88886, 23.96619], [32.88711, 23.97157], [32.91485, 23.97725], [32.91831, 23.99106], [32.91308, 23.99249], [32.91242, 24.00802], [32.89843, 24.0213], [32.9193, 24.04006], [32.92675, 24.07088], [32.92, 24.08237], [32.9129, 24.08296], [32.89718, 24.14349], [32.87852, 24.17657], [32.88663, 24.1843], [32.88529, 24.22785], [32.9217, 24.30696], [32.92146, 24.36222], [32.94086, 24.36637], [32.94391, 24.37536], [32.93832, 24.38428], [32.9846, 24.3889], [32.99011, 24.40527], [33.01348, 24.40749], [33.03848, 24.4446], [33.0811, 24.4465], [33.08961, 24.45483], [33.08892, 24.46472], [33.12826, 24.48545], [33.12277, 24.50672], [33.10999, 24.51575], [33.05638, 24.50907], [33.05464, 24.52035], [33.02955, 24.51818], [33.02348, 24.50951], [33.01289, 24.51971], [33.01714, 24.5237], [33.01085, 24.5271], [33.0127, 24.54985], [33.04949, 24.56204], [33.05614, 24.57791], [33.03335, 24.59573], [33.02669, 24.59772], [33.019, 24.58967], [33.00509, 24.61153], [32.95782, 24.63382], [32.95047, 24.64477], [32.95112, 24.66075], [32.96054, 24.65994], [32.94725, 24.67325], [32.93225, 24.79173], [32.91799, 24.81978], [32.92177, 24.8316], [32.90656, 24.84139], [32.89758, 24.85854], [32.90323, 24.87096]], [[33.06871, 24.54152], [33.06241, 24.53443], [33.07258, 24.52866], [33.07986, 24.53708], [33.06871, 24.54152]], [[33.02106, 23.88188], [33.017, 23.86976], [33.04641, 23.86602], [33.0454, 23.88467], [33.02106, 23.88188]], [[33.00305, 24.34178], [32.98061, 24.32988], [32.9936, 24.30825], [33.01013, 24.30608], [33.02194, 24.32122], [33.00305, 24.34178]], [[33.00615, 24.05529], [32.99355, 24.09836], [32.96694, 24.09836], [32.95925, 24.03793], [32.99845, 24.03858], [33.00615, 24.05529]], [[32.99225, 24.91751], [32.9719, 24.90782], [32.97987, 24.8933], [33.00198, 24.9046], [32.99225, 24.91751]], [[32.97208, 25.05933], [32.96233, 25.07224], [32.94196, 25.06255], [32.94994, 25.04803], [32.97208, 25.05933]], [[32.92856, 25.08532], [32.92404, 25.08224], [32.92913, 25.07606], [32.93421, 25.08018], [32.92856, 25.08532]], [[32.93152, 25.02445], [32.92789, 25.03379], [32.91281, 25.03103], [32.91523, 25.02059], [32.93152, 25.02445]], [[32.5923, 22.67051], [32.57604, 22.65722], [32.56912, 22.66178], [32.53704, 22.63568], [32.54852, 22.62991], [32.56155, 22.604], [32.59715, 22.57395], [32.62445, 22.59571], [32.63837, 22.59498], [32.65013, 22.6391], [32.5923, 22.67051]], [[32.37661, 22.48955], [32.36494, 22.48225], [32.35724, 22.45866], [32.34169, 22.44772], [32.32123, 22.44583], [32.32033, 22.43132], [32.34579, 22.40605], [32.35945, 22.40339], [32.37693, 22.41796], [32.39532, 22.44703], [32.41578, 22.45163], [32.41671, 22.46161], [32.40014, 22.45973], [32.37661, 22.48955]]], [[[32.69082, 25.1575], [32.73234, 25.13642], [32.76232, 25.10161], [32.82303, 25.08182], [32.82217, 25.06676], [32.81458, 25.06275], [32.82537, 25.03338], [32.81679, 25.00882], [32.83632, 24.9903], [32.84439, 24.97284], [32.82981, 24.90589], [32.84321, 24.90297], [32.88103, 24.81661], [32.91181, 24.77099], [32.91663, 24.68325], [32.92495, 24.66993], [32.9214, 24.65325], [32.89333, 24.62602], [32.88901, 24.57127], [32.87204, 24.5482], [32.85737, 24.49679], [32.87181, 24.43735], [32.88744, 24.40416], [32.89404, 24.31649], [32.87782, 24.29771], [32.8706, 24.27507], [32.84686, 24.24965], [32.85326, 24.17908], [32.87136, 24.12769], [32.86998, 24.11402], [32.85012, 24.09115], [32.84892, 24.0636], [32.8599, 24.02752], [32.85404, 24.01372], [32.8595, 23.99057], [32.85642, 23.97386], [32.86542, 23.96302], [32.86361, 23.95492], [32.85992, 23.95984], [32.85843, 23.93412], [32.85314, 23.93183], [32.8581, 23.91004], [32.85032, 23.91006], [32.84918, 23.9028], [32.84426, 23.90777], [32.85019, 23.89675], [32.8335, 23.89452], [32.83789, 23.88935], [32.83294, 23.88772], [32.82859, 23.90085], [32.82485, 23.89358], [32.81425, 23.90064], [32.81464, 23.91915], [32.81213, 23.92212], [32.80987, 23.90217], [32.7982, 23.90323], [32.79697, 23.90857], [32.79122, 23.90357], [32.7893, 23.90968], [32.7886, 23.90366], [32.77668, 23.90721], [32.77656, 23.89995], [32.76742, 23.90007], [32.76064, 23.89496], [32.7767, 23.89677], [32.78116, 23.90193], [32.80952, 23.89834], [32.80926, 23.88777], [32.81506, 23.89153], [32.82588, 23.88664], [32.82284, 23.87838], [32.81675, 23.88156], [32.81177, 23.87544], [32.81856, 23.8687], [32.82768, 23.88284], [32.8303, 23.87567], [32.83239, 23.88348], [32.84235, 23.87999], [32.83896, 23.8845], [32.84901, 23.88579], [32.84962, 23.87558], [32.83129, 23.86711], [32.85193, 23.86806], [32.84773, 23.85129], [32.85422, 23.86759], [32.86488, 23.8728], [32.86254, 23.85728], [32.87232, 23.8602], [32.86655, 23.84377], [32.8778, 23.84917], [32.87524, 23.83623], [32.8872, 23.84012], [32.88522, 23.82545], [32.87805, 23.82859], [32.87063, 23.82138], [32.88559, 23.82027], [32.88673, 23.81542], [32.87957, 23.81384], [32.89163, 23.81164], [32.88876, 23.80652], [32.87014, 23.80645], [32.89244, 23.79874], [32.84834, 23.78793], [32.863, 23.78487], [32.86121, 23.77778], [32.88339, 23.79134], [32.8904, 23.77625], [32.8728, 23.77144], [32.89402, 23.76077], [32.87641, 23.75562], [32.87102, 23.76504], [32.86267, 23.75533], [32.87139, 23.75446], [32.87372, 23.74786], [32.88966, 23.75109], [32.88848, 23.74342], [32.87609, 23.74241], [32.88936, 23.73868], [32.88883, 23.72709], [32.88304, 23.73537], [32.87628, 23.72435], [32.88987, 23.72361], [32.88043, 23.72048], [32.88701, 23.71379], [32.88391, 23.70948], [32.87053, 23.7139], [32.87081, 23.70458], [32.86006, 23.71963], [32.86528, 23.70826], [32.8517, 23.70405], [32.84428, 23.72294], [32.83973, 23.71005], [32.83447, 23.71464], [32.83173, 23.73044], [32.82851, 23.7212], [32.82444, 23.72312], [32.8282, 23.7135], [32.81396, 23.72345], [32.80272, 23.72333], [32.80401, 23.71434], [32.83062, 23.70495], [32.83658, 23.70885], [32.84259, 23.69895], [32.82106, 23.69663], [32.82968, 23.6914], [32.83867, 23.69685], [32.83684, 23.68826], [32.84483, 23.69373], [32.8561, 23.67959], [32.86041, 23.68249], [32.85579, 23.6927], [32.86667, 23.68823], [32.87698, 23.70192], [32.88276, 23.69824], [32.87669, 23.68974], [32.88305, 23.68432], [32.87223, 23.68593], [32.87144, 23.67916], [32.86345, 23.6791], [32.8753, 23.66828], [32.87055, 23.65757], [32.86037, 23.67537], [32.86052, 23.66594], [32.85326, 23.67034], [32.85738, 23.66014], [32.84395, 23.6726], [32.83067, 23.67046], [32.84257, 23.66699], [32.84284, 23.65733], [32.85549, 23.64914], [32.83239, 23.648], [32.83102, 23.64309], [32.85176, 23.63404], [32.85563, 23.63937], [32.86574, 23.62375], [32.8537, 23.62101], [32.86841, 23.61565], [32.85824, 23.60747], [32.84818, 23.61446], [32.85371, 23.60078], [32.84075, 23.59599], [32.83536, 23.60024], [32.8343, 23.58704], [32.81507, 23.59134], [32.82197, 23.57717], [32.84064, 23.57587], [32.82938, 23.57216], [32.83274, 23.56598], [32.822, 23.56599], [32.83814, 23.55772], [32.81543, 23.55186], [32.8173, 23.56275], [32.8079, 23.56075], [32.80113, 23.56963], [32.78903, 23.56964], [32.79042, 23.58652], [32.78513, 23.58421], [32.77009, 23.59751], [32.74122, 23.5791], [32.73595, 23.58852], [32.74259, 23.59529], [32.73405, 23.59282], [32.73738, 23.61299], [32.71576, 23.61675], [32.71401, 23.6276], [32.69728, 23.64368], [32.69847, 23.62491], [32.69097, 23.62989], [32.68166, 23.62075], [32.69023, 23.61921], [32.70101, 23.60485], [32.69968, 23.57923], [32.7077, 23.57539], [32.70972, 23.58709], [32.71845, 23.57058], [32.72871, 23.57188], [32.73294, 23.56087], [32.74773, 23.56391], [32.74602, 23.5598], [32.73364, 23.55338], [32.7337, 23.5451], [32.72074, 23.54558], [32.72076, 23.54087], [32.69896, 23.54716], [32.70927, 23.54005], [32.70213, 23.53858], [32.70587, 23.53311], [32.69764, 23.53292], [32.69369, 23.54059], [32.68347, 23.53504], [32.67525, 23.54681], [32.66273, 23.54441], [32.66645, 23.53813], [32.65933, 23.53746], [32.66662, 23.52904], [32.65189, 23.53358], [32.65046, 23.52567], [32.64163, 23.52664], [32.64652, 23.52206], [32.6316, 23.51855], [32.63673, 23.51374], [32.62327, 23.50836], [32.61403, 23.51314], [32.60923, 23.50483], [32.59624, 23.5037], [32.61041, 23.49619], [32.62356, 23.50433], [32.64826, 23.47729], [32.65265, 23.48388], [32.64615, 23.49424], [32.66171, 23.48209], [32.68613, 23.48714], [32.68982, 23.5072], [32.70181, 23.51375], [32.68876, 23.49319], [32.70474, 23.49425], [32.70392, 23.50221], [32.71997, 23.51178], [32.72141, 23.52004], [32.71477, 23.52408], [32.72963, 23.53068], [32.74498, 23.52589], [32.74902, 23.53341], [32.75189, 23.52254], [32.75749, 23.52197], [32.75307, 23.54103], [32.76801, 23.54545], [32.78272, 23.53998], [32.7931, 23.54667], [32.79824, 23.53185], [32.77887, 23.51901], [32.78503, 23.5159], [32.77897, 23.51268], [32.80097, 23.49901], [32.80041, 23.51271], [32.79098, 23.51463], [32.79509, 23.52478], [32.80929, 23.51897], [32.80029, 23.52847], [32.80347, 23.53151], [32.82277, 23.52491], [32.84626, 23.53191], [32.87199, 23.51815], [32.87308, 23.5064], [32.85364, 23.51738], [32.84167, 23.51443], [32.8675, 23.50237], [32.84987, 23.5002], [32.82123, 23.46997], [32.84286, 23.47309], [32.83879, 23.48008], [32.84748, 23.4891], [32.87649, 23.49782], [32.87927, 23.48925], [32.87285, 23.48628], [32.8789, 23.48408], [32.87743, 23.47468], [32.86074, 23.46996], [32.88083, 23.47104], [32.88969, 23.45591], [32.87849, 23.45119], [32.90198, 23.43322], [32.90292, 23.42585], [32.89334, 23.43156], [32.89055, 23.42426], [32.88498, 23.42576], [32.87897, 23.44026], [32.86666, 23.44649], [32.87072, 23.43928], [32.86267, 23.43588], [32.86729, 23.43107], [32.84792, 23.42894], [32.87062, 23.4195], [32.85209, 23.42103], [32.85864, 23.40813], [32.84541, 23.41231], [32.84125, 23.39986], [32.82525, 23.39766], [32.82123, 23.39084], [32.82767, 23.38921], [32.82504, 23.37811], [32.8432, 23.38234], [32.89865, 23.34726], [32.89591, 23.34203], [32.90587, 23.3263], [32.90145, 23.32397], [32.91617, 23.31975], [32.91455, 23.30944], [32.90355, 23.30748], [32.91291, 23.2982], [32.894, 23.304], [32.88999, 23.29787], [32.88004, 23.29808], [32.88387, 23.30731], [32.86513, 23.32518], [32.85694, 23.31098], [32.83185, 23.31333], [32.83085, 23.29219], [32.84095, 23.28773], [32.8416, 23.29933], [32.84505, 23.29247], [32.84442, 23.25027], [32.836, 23.26229], [32.82927, 23.26208], [32.83307, 23.26995], [32.82185, 23.2903], [32.79748, 23.28619], [32.79765, 23.26687], [32.80564, 23.26291], [32.8, 23.25049], [32.78798, 23.27373], [32.76122, 23.2791], [32.74759, 23.23325], [32.73056, 23.22841], [32.70832, 23.23552], [32.70363, 23.21491], [32.73208, 23.18077], [32.72109, 23.17869], [32.70377, 23.18834], [32.6764, 23.18244], [32.68767, 23.17474], [32.69266, 23.14267], [32.66166, 23.14074], [32.6745, 23.13681], [32.67298, 23.12971], [32.68504, 23.13557], [32.6799, 23.1282], [32.68477, 23.11775], [32.68982, 23.12697], [32.68743, 23.10896], [32.69223, 23.10691], [32.67903, 23.10049], [32.68671, 23.08827], [32.67178, 23.09845], [32.66618, 23.09292], [32.67595, 23.09066], [32.68152, 23.084], [32.67422, 23.08011], [32.68511, 23.0722], [32.6711, 23.07397], [32.67061, 23.06868], [32.64667, 23.07616], [32.65716, 23.06159], [32.66437, 23.06766], [32.68273, 23.05522], [32.6696, 23.05697], [32.66828, 23.04768], [32.64083, 23.0596], [32.65154, 23.03834], [32.6493, 23.03264], [32.64036, 23.04408], [32.63956, 23.02454], [32.64628, 23.02522], [32.64206, 23.01955], [32.65141, 23.01017], [32.64217, 23.01357], [32.62915, 22.99208], [32.61445, 23.01237], [32.60201, 23.01192], [32.61301, 23.00343], [32.6061, 23.00563], [32.60111, 22.99894], [32.60737, 23.00124], [32.62327, 22.99001], [32.62263, 22.98346], [32.63524, 22.98667], [32.64236, 22.97745], [32.63347, 22.97417], [32.63625, 22.9648], [32.62819, 22.96001], [32.63549, 22.95308], [32.60658, 22.95421], [32.61947, 22.94166], [32.59801, 22.90871], [32.5942, 22.91592], [32.56958, 22.91397], [32.54786, 22.93128], [32.54331, 22.92769], [32.56994, 22.90165], [32.57154, 22.88403], [32.56191, 22.86903], [32.56794, 22.84407], [32.5604, 22.84536], [32.55664, 22.83773], [32.56983, 22.83403], [32.56389, 22.82321], [32.56748, 22.81705], [32.57263, 22.81983], [32.56924, 22.8123], [32.55991, 22.81121], [32.571, 22.79651], [32.56129, 22.80037], [32.55609, 22.79483], [32.57006, 22.78135], [32.56604, 22.77348], [32.5585, 22.77443], [32.54603, 22.75408], [32.52893, 22.76026], [32.53412, 22.75373], [32.53021, 22.75046], [32.51116, 22.76979], [32.50652, 22.76735], [32.50682, 22.7463], [32.48034, 22.74897], [32.48019, 22.73597], [32.45453, 22.73], [32.43204, 22.70338], [32.4141, 22.69887], [32.4142, 22.6792], [32.40364, 22.67192], [32.39777, 22.64545], [32.37236, 22.61991], [32.35402, 22.61943], [32.34549, 22.62671], [32.33826, 22.61821], [32.30047, 22.636], [32.2857, 22.67226], [32.27334, 22.6804], [32.27317, 22.70329], [32.26423, 22.70873], [32.24739, 22.74156], [32.2531, 22.7486], [32.24692, 22.76205], [32.25234, 22.77299], [32.23642, 22.77694], [32.24, 22.7571], [32.23061, 22.75852], [32.2287, 22.7497], [32.21904, 22.75653], [32.20179, 22.75567], [32.19315, 22.77053], [32.17885, 22.7618], [32.16916, 22.76748], [32.16303, 22.76413], [32.1718, 22.81539], [32.18362, 22.83049], [32.18147, 22.8418], [32.17726, 22.82899], [32.1625, 22.82233], [32.15711, 22.82598], [32.16101, 22.80211], [32.15246, 22.7628], [32.13008, 22.75914], [32.11817, 22.77221], [32.1159, 22.74971], [32.10313, 22.74267], [32.08575, 22.74823], [32.09012, 22.73621], [32.06984, 22.76643], [32.06278, 22.75308], [32.0729, 22.73682], [32.06579, 22.7275], [32.05527, 22.7348], [32.05934, 22.72025], [32.05337, 22.71862], [32.04437, 22.72842], [32.03429, 22.72593], [32.03418, 22.71972], [32.02769, 22.72407], [32.02018, 22.72005], [32.0096, 22.73183], [32.00598, 22.71602], [32.01255, 22.7089], [31.99433, 22.70193], [31.99666, 22.69327], [31.973, 22.70065], [31.98252, 22.67083], [31.9613, 22.66184], [31.94585, 22.66368], [31.94629, 22.65344], [31.89951, 22.65586], [31.8837, 22.65103], [31.87687, 22.66494], [31.86649, 22.66658], [31.87825, 22.65089], [31.86758, 22.64242], [31.88802, 22.6351], [31.88283, 22.62851], [31.89121, 22.61884], [31.86667, 22.61759], [31.86645, 22.60426], [31.85709, 22.61462], [31.83619, 22.58595], [31.86887, 22.57846], [31.86115, 22.56052], [31.84666, 22.56027], [31.83081, 22.58234], [31.8161, 22.56876], [31.8095, 22.57379], [31.80063, 22.56898], [31.79565, 22.55939], [31.77801, 22.5632], [31.77405, 22.59396], [31.75498, 22.60158], [31.74637, 22.59745], [31.73074, 22.61123], [31.7474, 22.60767], [31.72334, 22.62122], [31.70758, 22.61879], [31.68987, 22.65099], [31.66494, 22.65673], [31.6679, 22.64749], [31.69255, 22.63221], [31.66666, 22.63164], [31.67421, 22.60659], [31.69111, 22.59429], [31.69112, 22.57877], [31.70318, 22.5824], [31.69759, 22.57327], [31.70868, 22.57002], [31.70744, 22.56176], [31.71702, 22.56496], [31.71784, 22.54598], [31.72887, 22.54721], [31.72258, 22.54028], [31.73493, 22.53907], [31.73337, 22.52599], [31.75035, 22.52023], [31.76149, 22.53572], [31.75924, 22.51896], [31.7781, 22.51444], [31.76967, 22.51318], [31.77095, 22.50845], [31.78591, 22.51502], [31.81819, 22.49904], [31.82437, 22.49148], [31.81965, 22.47499], [31.81199, 22.47556], [31.79543, 22.4613], [31.7723, 22.48417], [31.77033, 22.50018], [31.76161, 22.50432], [31.75214, 22.50009], [31.74849, 22.48082], [31.76083, 22.46317], [31.73252, 22.4715], [31.7346, 22.4464], [31.70792, 22.44849], [31.70034, 22.47849], [31.69444, 22.46477], [31.67975, 22.46692], [31.68027, 22.46048], [31.69304, 22.4541], [31.68495, 22.45064], [31.68358, 22.44249], [31.70055, 22.41225], [31.69272, 22.40925], [31.70188, 22.40177], [31.69945, 22.39709], [31.6486, 22.39398], [31.6498, 22.38327], [31.66513, 22.37513], [31.63777, 22.36411], [31.64158, 22.35498], [31.63041, 22.35144], [31.62568, 22.33253], [31.59251, 22.3202], [31.58428, 22.30686], [31.56518, 22.30986], [31.56608, 22.29548], [31.51527, 22.26622], [31.49187, 22.23559], [31.46328, 22.23985], [31.46302, 22.23008], [31.4478, 22.21842], [31.43697, 22.2205], [31.4376, 22.2128], [31.42463, 22.20318], [31.41459, 22.20905], [31.42004, 22.19185], [31.34767, 22.09621], [31.31609, 22.0], [30.99881, 21.99923], [31.75804, 23.47261], [32.65512, 25.16875], [32.64713, 25.17321], [32.65443, 25.18728], [32.69082, 25.1575]], [[32.85176, 23.96659], [32.85403, 23.98657], [32.82738, 23.98468], [32.80969, 23.9761], [32.80873, 23.96736], [32.81579, 23.96146], [32.83243, 23.95692], [32.85176, 23.96659]], [[32.81259, 24.9298], [32.79357, 24.95663], [32.79504, 24.97302], [32.78651, 24.99896], [32.76386, 25.01895], [32.75066, 25.0151], [32.77403, 24.99211], [32.77909, 24.95752], [32.80511, 24.92251], [32.81259, 24.9298]], [[32.79469, 23.92154], [32.77893, 23.94036], [32.74418, 23.9149], [32.7566, 23.90309], [32.79469, 23.92154]], [[32.63445, 23.67557], [32.6335, 23.66683], [32.65716, 23.65642], [32.67561, 23.66575], [32.67915, 23.68614], [32.66537, 23.68708], [32.63445, 23.67557]], [[31.7559, 22.89212], [31.71265, 22.96744], [31.67764, 22.97224], [31.60536, 22.8967], [31.58706, 22.86734], [31.59516, 22.84552], [31.57301, 22.81558], [31.58597, 22.80122], [31.65688, 22.75779], [31.7559, 22.89212]]]]}}, {"type": "Feature", "properties": {"shapeID": "37247803B68668933434677", "shapeName": "Zemam Out"}, "geometry": {"type": "Polygon", "coordinates": [[[32.71001, 25.68606], [32.70937, 25.69708], [32.71844, 25.71028], [32.74066, 25.70265], [32.75312, 25.72886], [32.83179, 25.69325], [32.83105, 25.66029], [32.80304, 25.57898], [32.73635, 25.54222], [32.66082, 25.53728], [32.49782, 25.54791], [32.53243, 25.57771], [32.57513, 25.59421], [32.56689, 25.60438], [32.57222, 25.61097], [32.59065, 25.60288], [32.57974, 25.61646], [32.59281, 25.61628], [32.59772, 25.61015], [32.60074, 25.62589], [32.61354, 25.63806], [32.71001, 25.68606]]]}}, {"type": "Feature", "properties": {"shapeID": "37247803B70127900746184", "shapeName": "Zemam Out"}, "geometry": {"type": "MultiPolygon", "coordinates": [[[[31.17688, 27.31248], [31.16274, 27.30671], [31.11049, 27.32644], [31.04631, 27.31601], [31.02535, 27.33835], [30.98179, 27.36302], [30.98034, 27.37061], [30.95391, 27.38127], [30.95675, 27.38476], [30.93697, 27.4034], [30.92651, 27.39952], [30.87314, 27.42633], [30.86294, 27.45442], [30.87485, 27.50945], [30.86938, 27.52991], [30.85688, 27.53626], [30.86188, 27.58288], [30.87694, 27.60768], [31.3366, 27.65216], [31.55416, 27.65026], [31.7118, 27.68171], [31.85905, 27.74409], [32.01435, 27.79778], [32.20924, 27.84432], [32.33794, 27.85414], [32.39349, 27.88], [32.56866, 27.85326], [32.66206, 27.56831], [32.65027, 27.43416], [32.60988, 27.35793], [32.60995, 27.33852], [32.43138, 27.14602], [32.249, 27.00621], [32.15029, 26.94706], [32.05729, 26.96473], [31.89346, 27.01608], [31.7731, 26.94965], [31.66281, 26.89976], [31.62958, 26.85317], [31.60483, 26.83703], [31.55713, 26.86283], [31.51961, 26.83712], [31.51023, 26.87173], [31.51529, 26.88918], [31.50127, 26.89612], [31.50253, 26.91496], [31.4813, 26.924], [31.45432, 26.95876], [31.44677, 27.00449], [31.41533, 27.02376], [31.42514, 27.04608], [31.38666, 27.07019], [31.35714, 27.10522], [31.33304, 27.10467], [31.33633, 27.11578], [31.32845, 27.11569], [31.32115, 27.14026], [31.30379, 27.16259], [31.28008, 27.16806], [31.27366, 27.18283], [31.25649, 27.17845], [31.25739, 27.21205], [31.24496, 27.24947], [31.20966, 27.27635], [31.17688, 27.31248]], [[31.29029, 27.25847], [31.29292, 27.26779], [31.28306, 27.2782], [31.26518, 27.26869], [31.26824, 27.25015], [31.28863, 27.2312], [31.30509, 27.24255], [31.29029, 27.25847]]], [[[30.53004, 27.60143], [30.67609, 27.60762], [30.69805, 27.5786], [30.71341, 27.54464], [30.71342, 27.52612], [30.72684, 27.50724], [30.73029, 27.49421], [30.72265, 27.47776], [30.72305, 27.45752], [30.73456, 27.40984], [30.74222, 27.39646], [30.7774, 27.38271], [30.79537, 27.34189], [30.88513, 27.29752], [30.90637, 27.27246], [30.91555, 27.279], [30.92507, 27.27688], [30.92544, 27.26933], [30.93423, 27.27103], [30.92733, 27.24806], [30.94462, 27.23774], [31.07042, 27.18393], [31.09976, 27.18636], [31.12209, 27.17125], [31.16643, 27.16272], [31.17514, 27.14038], [31.16438, 27.11299], [31.18636, 27.08103], [31.21717, 27.0672], [31.22665, 27.05584], [31.24513, 27.01292], [31.24581, 26.99543], [31.26895, 26.97682], [31.2738, 26.95589], [31.29165, 26.94861], [31.30149, 26.93691], [31.29569, 26.9174], [31.30365, 26.91291], [31.32833, 26.86442], [31.33689, 26.86116], [31.29157, 26.83351], [31.1559, 26.82733], [30.8645, 26.79119], [30.53004, 27.60143]]]]}}, {"type": "Feature", "properties": {"shapeID": "37247803B22410072002885", "shapeName": "Zemam Out"}, "geometry": {"type": "MultiPolygon", "coordinates": [[[[31.82542, 26.47965], [31.83315, 26.50844], [31.82148, 26.53352], [31.82031, 26.55774], [31.80775, 26.56485], [31.80322, 26.58788], [31.78826, 26.60099], [31.78833, 26.62439], [31.75099, 26.61955], [31.74591, 26.6412], [31.72859, 26.66308], [31.69923, 26.67231], [31.66353, 26.71606], [31.64073, 26.72287], [31.62519, 26.74847], [31.61055, 26.75671], [31.56546, 26.7602], [31.54824, 26.77814], [31.53583, 26.81328], [31.51961, 26.83712], [31.55713, 26.86283], [31.60483, 26.83703], [31.62958, 26.85317], [31.66281, 26.89976], [31.7731, 26.94965], [31.89346, 27.01608], [32.05729, 26.96473], [32.15029, 26.94706], [32.249, 27.00621], [32.43138, 27.14602], [32.60995, 27.33852], [32.61011, 27.29268], [32.62257, 27.20934], [32.69201, 27.03913], [32.7367, 26.98484], [32.76852, 26.85554], [32.74119, 26.68548], [32.28002, 26.13982], [32.2588, 26.15211], [32.22146, 26.11546], [32.17537, 26.14447], [32.14089, 26.2181], [32.13834, 26.23604], [32.10153, 26.26383], [32.08291, 26.27017], [32.05552, 26.30924], [32.02004, 26.31316], [31.9942, 26.33474], [31.936, 26.34456], [31.9197, 26.36322], [31.89702, 26.37098], [31.87259, 26.39069], [31.83331, 26.43646], [31.82542, 26.47965]], [[31.88153, 26.54795], [31.83442, 26.52154], [31.85566, 26.50277], [31.89577, 26.52597], [31.88153, 26.54795]]], [[[31.95478, 26.13334], [31.76193, 26.29763], [31.44809, 26.63269], [31.29157, 26.83351], [31.33689, 26.86116], [31.36094, 26.81913], [31.33941, 26.81577], [31.33849, 26.80415], [31.37945, 26.7757], [31.39717, 26.74422], [31.4092, 26.73791], [31.40095, 26.70787], [31.44643, 26.67438], [31.48415, 26.6164], [31.50677, 26.62404], [31.52249, 26.59403], [31.5438, 26.59322], [31.56097, 26.58193], [31.59878, 26.58544], [31.6148, 26.57279], [31.6233, 26.54373], [31.65399, 26.52716], [31.67582, 26.50247], [31.69589, 26.44706], [31.77075, 26.36546], [31.77569, 26.35018], [31.77315, 26.31816], [31.82829, 26.2869], [31.84699, 26.2627], [31.84969, 26.24889], [31.92229, 26.18838], [31.98698, 26.15976], [31.95478, 26.13334]], [[31.65462, 26.46879], [31.67114, 26.47578], [31.66087, 26.50393], [31.6258, 26.49418], [31.64741, 26.45058], [31.66185, 26.45664], [31.65462, 26.46879]]]]}}, {"type": "Feature", "properties": {"shapeID": "37247803B70962807620148", "shapeName": "Zemam Out"}, "geometry": {"type": "MultiPolygon", "coordinates": [[[[32.5418, 26.20979], [32.51522, 26.19135], [32.50569, 26.20593], [32.4887, 26.20314], [32.47498, 26.19752], [32.46746, 26.17597], [32.44691, 26.16229], [32.40971, 26.1675], [32.34118, 26.15762], [32.3251, 26.14111], [32.31731, 26.10629], [32.29561, 26.09083], [32.25348, 26.09434], [32.22146, 26.11546], [32.2588, 26.15211], [32.28002, 26.13982], [32.74119, 26.68548], [32.88777, 26.69945], [32.93116, 26.69319], [33.15338, 26.52485], [33.22856, 26.50769], [33.31731, 26.53166], [33.37973, 26.50628], [33.54581, 26.21194], [33.59412, 26.08104], [33.56702, 25.98405], [33.48556, 25.93924], [33.38988, 25.86703], [33.29322, 25.73924], [33.24169, 25.63505], [33.2745, 25.53298], [33.47127, 25.30657], [32.678, 25.29584], [32.64275, 25.23369], [32.61708, 25.25633], [32.58518, 25.29343], [32.59007, 25.30333], [32.58086, 25.31425], [32.57532, 25.36202], [32.56802, 25.37443], [32.57375, 25.39798], [32.52599, 25.47508], [32.51844, 25.50671], [32.50553, 25.51238], [32.49636, 25.54575], [32.66082, 25.53728], [32.73635, 25.54222], [32.80304, 25.57898], [32.83105, 25.66029], [32.83179, 25.69325], [32.73823, 25.73645], [32.83336, 25.86182], [32.837, 25.87621], [32.83187, 25.89425], [32.84668, 25.92344], [32.84602, 25.9669], [32.87177, 25.98239], [32.86645, 25.99678], [32.83624, 26.01124], [32.82865, 26.05194], [32.79607, 26.08232], [32.79668, 26.09701], [32.78117, 26.11127], [32.77291, 26.13051], [32.75055, 26.14944], [32.74689, 26.16756], [32.73272, 26.1764], [32.72646, 26.19575], [32.69322, 26.17057], [32.66547, 26.18557], [32.66534, 26.19651], [32.64997, 26.192], [32.61668, 26.20756], [32.5418, 26.20979]], [[32.7469, 26.20178], [32.73729, 26.19586], [32.75826, 26.15361], [32.77685, 26.16694], [32.7469, 26.20178]]], [[[31.99807, 26.12921], [32.05598, 26.08042], [32.07421, 26.07967], [32.09099, 26.07058], [32.10496, 26.05078], [32.13282, 26.03456], [32.13312, 26.02266], [32.14512, 26.02428], [32.18087, 26.00229], [32.25272, 25.99989], [32.26137, 25.99123], [32.27177, 25.99413], [32.27273, 26.00244], [32.28864, 25.99832], [32.34137, 26.02474], [32.3865, 26.0365], [32.45356, 26.07562], [32.4805, 26.07256], [32.49283, 26.10029], [32.57319, 26.11493], [32.63476, 26.14535], [32.7067, 26.1246], [32.72353, 26.11361], [32.73257, 26.09808], [32.74382, 26.03916], [32.74041, 25.99685], [32.72777, 25.9815], [32.72712, 25.96772], [32.69939, 25.90391], [32.69368, 25.83444], [32.70498, 25.80667], [32.67361, 25.79348], [32.64525, 25.75663], [32.59956, 25.73162], [32.58581, 25.71069], [32.55577, 25.69296], [32.47314, 25.66443], [32.45582, 25.64465], [32.44389, 25.64259], [32.43852, 25.56258], [32.46705, 25.51116], [32.48508, 25.49472], [32.48966, 25.41818], [32.47559, 25.4225], [32.45021, 25.41185], [32.4251, 25.64643], [32.53352, 25.69179], [32.64354, 25.79012], [32.66844, 25.84005], [32.68311, 25.91795], [32.72722, 25.97396], [32.72767, 25.98363], [32.73934, 26.05673], [32.73317, 26.07576], [32.67483, 26.10332], [32.44265, 26.04069], [32.3215, 25.98672], [32.24517, 25.98464], [32.2175, 25.97388], [32.03947, 26.06096], [31.95478, 26.13334], [31.98646, 26.15933], [31.99807, 26.12921]]], [[[32.51583, 25.24656], [32.47857, 25.33221], [32.49688, 25.3383], [32.51978, 25.2819], [32.56004, 25.24757], [32.58032, 25.2437], [32.59614, 25.21529], [32.62559, 25.20873], [32.65443, 25.18728], [32.64713, 25.17321], [32.51583, 25.24656]]], [[[32.45242, 25.39232], [32.4771, 25.3843], [32.48288, 25.36021], [32.47102, 25.34958], [32.45242, 25.39232]]]]}}, {"type": "Feature", "properties": {"shapeID": "37247803B22072181231059", "shapeName": "Zifta"}, "geometry": {"type": "Polygon", "coordinates": [[[31.18053, 30.64722], [31.19406, 30.63943], [31.19841, 30.64425], [31.18457, 30.65633], [31.15571, 30.66579], [31.15278, 30.67305], [31.17347, 30.68307], [31.16768, 30.70399], [31.17641, 30.73404], [31.15797, 30.7479], [31.16431, 30.78255], [31.1547, 30.79315], [31.15424, 30.809], [31.17038, 30.8166], [31.1682, 30.83353], [31.17375, 30.84451], [31.1539, 30.85034], [31.1483, 30.85932], [31.15968, 30.87625], [31.16987, 30.87507], [31.1701, 30.86657], [31.18295, 30.85893], [31.20391, 30.85976], [31.20375, 30.84991], [31.21544, 30.8558], [31.22427, 30.8507], [31.21757, 30.83325], [31.23806, 30.78148], [31.22631, 30.75708], [31.25387, 30.73547], [31.25041, 30.71617], [31.26585, 30.69657], [31.27718, 30.65458], [31.26118, 30.61023], [31.2632, 30.58688], [31.25562, 30.58011], [31.24655, 30.5923], [31.22776, 30.59906], [31.22591, 30.61329], [31.21883, 30.61374], [31.2077, 30.62886], [31.1812, 30.63119], [31.18053, 30.64722]]]}}]}